Id,Category
0,Car
1,Car
2,Car
3,Car
4,Car
5,Car
6,Car
7,Car
8,Car
9,Car
10,Car
11,Car
12,Car
13,Car
14,Car
15,Car
16,Car
17,Car
18,Car
19,Car
20,Car
21,Car
22,Car
23,Car
24,Car
25,Car
26,Car
27,Car
28,Car
29,Car
30,Car
31,Car
32,Car
33,Car
34,Car
35,Car
36,Car
37,Car
38,Car
39,Car
40,Car
41,Car
42,Car
43,Car
44,Car
45,Car
46,Car
47,Car
48,Car
49,Car
50,Car
51,Car
52,Car
53,Car
54,Car
55,Car
56,Car
57,Car
58,Car
59,Car
60,Car
61,Car
62,Car
63,Car
64,Car
65,Car
66,Car
67,Car
68,Car
69,Car
70,Car
71,Car
72,Car
73,Car
74,Car
75,Car
76,Car
77,Car
78,Car
79,Car
80,Car
81,Car
82,Car
83,Car
84,Car
85,Car
86,Car
87,Car
88,Car
89,Car
90,Car
91,Car
92,Car
93,Car
94,Car
95,Car
96,Car
97,Car
98,Car
99,Car
100,Car
101,Car
102,Car
103,Car
104,Car
105,Car
106,Car
107,Car
108,Car
109,Car
110,Car
111,Car
112,Car
113,Car
114,Car
115,Car
116,Car
117,Car
118,Car
119,Car
120,Car
121,Car
122,Car
123,Car
124,Car
125,Car
126,Car
127,Car
128,Car
129,Car
130,Car
131,Car
132,Car
133,Car
134,Car
135,Car
136,Car
137,Car
138,Car
139,Car
140,Car
141,Car
142,Car
143,Car
144,Car
145,Car
146,Car
147,Car
148,Car
149,Car
150,Car
151,Car
152,Car
153,Car
154,Car
155,Car
156,Car
157,Car
158,Car
159,Car
160,Car
161,Car
162,Car
163,Car
164,Car
165,Car
166,Car
167,Car
168,Car
169,Car
170,Car
171,Car
172,Car
173,Car
174,Car
175,Car
176,Car
177,Car
178,Car
179,Car
180,Car
181,Car
182,Car
183,Car
184,Car
185,Car
186,Car
187,Car
188,Car
189,Car
190,Car
191,Car
192,Car
193,Car
194,Car
195,Car
196,Car
197,Car
198,Car
199,Car
200,Car
201,Car
202,Car
203,Car
204,Car
205,Car
206,Car
207,Car
208,Car
209,Car
210,Car
211,Car
212,Car
213,Car
214,Car
215,Car
216,Car
217,Car
218,Car
219,Car
220,Car
221,Car
222,Car
223,Car
224,Car
225,Car
226,Car
227,Car
228,Car
229,Car
230,Car
231,Car
232,Car
233,Car
234,Car
235,Car
236,Car
237,Car
238,Car
239,Car
240,Car
241,Car
242,Car
243,Car
244,Car
245,Car
246,Car
247,Car
248,Car
249,Car
250,Car
251,Car
252,Car
253,Car
254,Car
255,Car
256,Car
257,Car
258,Car
259,Car
260,Car
261,Car
262,Car
263,Car
264,Car
265,Car
266,Car
267,Car
268,Car
269,Car
270,Car
271,Car
272,Car
273,Car
274,Car
275,Car
276,Car
277,Car
278,Car
279,Car
280,Car
281,Car
282,Car
283,Car
284,Car
285,Car
286,Car
287,Car
288,Car
289,Car
290,Car
291,Car
292,Car
293,Car
294,Car
295,Car
296,Car
297,Car
298,Car
299,Car
300,Car
301,Car
302,Car
303,Car
304,Car
305,Car
306,Car
307,Car
308,Car
309,Car
310,Car
311,Car
312,Car
313,Car
314,Car
315,Car
316,Car
317,Car
318,Car
319,Car
320,Car
321,Car
322,Car
323,Car
324,Car
325,Car
326,Car
327,Car
328,Car
329,Car
330,Car
331,Car
332,Car
333,Car
334,Car
335,Car
336,Car
337,Car
338,Car
339,Car
340,Car
341,Car
342,Car
343,Car
344,Car
345,Car
346,Car
347,Car
348,Car
349,Car
350,Car
351,Car
352,Car
353,Car
354,Car
355,Car
356,Car
357,Car
358,Car
359,Car
360,Car
361,Car
362,Car
363,Car
364,Car
365,Car
366,Car
367,Car
368,Car
369,Car
370,Car
371,Car
372,Car
373,Car
374,Car
375,Car
376,Car
377,Car
378,Car
379,Car
380,Car
381,Car
382,Car
383,Car
384,Car
385,Car
386,Car
387,Car
388,Car
389,Car
390,Car
391,Car
392,Car
393,Car
394,Car
395,Car
396,Car
397,Car
398,Car
399,Car
400,Car
401,Car
402,Car
403,Car
404,Car
405,Car
406,Car
407,Car
408,Car
409,Car
410,Car
411,Car
412,Car
413,Car
414,Car
415,Car
416,Car
417,Car
418,Car
419,Car
420,Car
421,Car
422,Car
423,Car
424,Car
425,Car
426,Car
427,Car
428,Car
429,Car
430,Car
431,Car
432,Car
433,Car
434,Car
435,Car
436,Car
437,Car
438,Car
439,Car
440,Car
441,Car
442,Car
443,Car
444,Car
445,Car
446,Car
447,Car
448,Car
449,Car
450,Car
451,Car
452,Car
453,Car
454,Car
455,Car
456,Car
457,Car
458,Car
459,Car
460,Car
461,Car
462,Car
463,Car
464,Car
465,Car
466,Car
467,Car
468,Car
469,Car
470,Car
471,Car
472,Car
473,Car
474,Car
475,Car
476,Car
477,Car
478,Car
479,Car
480,Car
481,Car
482,Car
483,Car
484,Car
485,Car
486,Car
487,Car
488,Car
489,Car
490,Car
491,Car
492,Car
493,Car
494,Car
495,Car
496,Car
497,Car
498,Car
499,Car
500,Car
501,Car
502,Car
503,Car
504,Car
505,Car
506,Car
507,Car
508,Car
509,Car
510,Car
511,Car
512,Car
513,Car
514,Car
515,Car
516,Car
517,Car
518,Car
519,Car
520,Car
521,Car
522,Car
523,Car
524,Car
525,Car
526,Car
527,Car
528,Car
529,Car
530,Car
531,Car
532,Car
533,Car
534,Car
535,Car
536,Car
537,Car
538,Car
539,Car
540,Car
541,Car
542,Car
543,Car
544,Car
545,Car
546,Car
547,Car
548,Car
549,Car
550,Car
551,Car
552,Car
553,Car
554,Car
555,Car
556,Car
557,Car
558,Car
559,Car
560,Car
561,Car
562,Car
563,Car
564,Car
565,Car
566,Car
567,Car
568,Car
569,Car
570,Car
571,Car
572,Car
573,Car
574,Car
575,Car
576,Car
577,Car
578,Car
579,Car
580,Car
581,Car
582,Car
583,Car
584,Car
585,Car
586,Car
587,Car
588,Car
589,Car
590,Car
591,Car
592,Car
593,Car
594,Car
595,Car
596,Car
597,Car
598,Car
599,Car
600,Car
601,Car
602,Car
603,Car
604,Car
605,Car
606,Car
607,Car
608,Car
609,Car
610,Car
611,Car
612,Car
613,Car
614,Car
615,Car
616,Car
617,Car
618,Car
619,Car
620,Car
621,Car
622,Car
623,Car
624,Car
625,Car
626,Car
627,Car
628,Car
629,Car
630,Car
631,Car
632,Car
633,Car
634,Car
635,Car
636,Car
637,Car
638,Car
639,Car
640,Car
641,Car
642,Car
643,Car
644,Car
645,Car
646,Car
647,Car
648,Car
649,Car
650,Car
651,Car
652,Car
653,Car
654,Car
655,Car
656,Car
657,Car
658,Car
659,Car
660,Car
661,Car
662,Car
663,Car
664,Car
665,Car
666,Car
667,Car
668,Car
669,Car
670,Car
671,Car
672,Car
673,Car
674,Car
675,Car
676,Car
677,Car
678,Car
679,Car
680,Car
681,Car
682,Car
683,Car
684,Car
685,Car
686,Car
687,Car
688,Car
689,Car
690,Car
691,Car
692,Car
693,Car
694,Car
695,Car
696,Car
697,Car
698,Car
699,Car
700,Car
701,Car
702,Car
703,Car
704,Car
705,Car
706,Car
707,Car
708,Car
709,Car
710,Car
711,Car
712,Car
713,Car
714,Car
715,Car
716,Car
717,Car
718,Car
719,Car
720,Car
721,Car
722,Car
723,Car
724,Car
725,Car
726,Car
727,Car
728,Car
729,Car
730,Car
731,Car
732,Car
733,Car
734,Car
735,Car
736,Car
737,Car
738,Car
739,Car
740,Car
741,Car
742,Car
743,Car
744,Car
745,Car
746,Car
747,Car
748,Car
749,Car
750,Car
751,Car
752,Car
753,Car
754,Car
755,Car
756,Car
757,Car
758,Car
759,Car
760,Car
761,Car
762,Car
763,Car
764,Car
765,Car
766,Car
767,Car
768,Car
769,Car
770,Car
771,Car
772,Car
773,Car
774,Car
775,Car
776,Car
777,Car
778,Car
779,Car
780,Car
781,Car
782,Car
783,Car
784,Car
785,Car
786,Car
787,Car
788,Car
789,Car
790,Car
791,Car
792,Car
793,Car
794,Car
795,Car
796,Car
797,Car
798,Car
799,Car
800,Car
801,Car
802,Car
803,Car
804,Car
805,Car
806,Car
807,Car
808,Car
809,Car
810,Car
811,Car
812,Car
813,Car
814,Car
815,Car
816,Car
817,Car
818,Car
819,Car
820,Car
821,Car
822,Car
823,Car
824,Car
825,Car
826,Car
827,Car
828,Car
829,Car
830,Car
831,Car
832,Car
833,Car
834,Car
835,Car
836,Car
837,Car
838,Car
839,Car
840,Car
841,Car
842,Car
843,Car
844,Car
845,Car
846,Car
847,Car
848,Car
849,Car
850,Car
851,Car
852,Car
853,Car
854,Car
855,Car
856,Car
857,Car
858,Car
859,Car
860,Car
861,Car
862,Car
863,Car
864,Car
865,Car
866,Car
867,Car
868,Car
869,Car
870,Car
871,Car
872,Car
873,Car
874,Car
875,Car
876,Car
877,Car
878,Car
879,Car
880,Car
881,Car
882,Car
883,Car
884,Car
885,Car
886,Car
887,Car
888,Car
889,Car
890,Car
891,Car
892,Car
893,Car
894,Car
895,Car
896,Car
897,Car
898,Car
899,Car
900,Car
901,Car
902,Car
903,Car
904,Car
905,Car
906,Car
907,Car
908,Car
909,Car
910,Car
911,Car
912,Car
913,Car
914,Car
915,Car
916,Car
917,Car
918,Car
919,Car
920,Car
921,Car
922,Car
923,Car
924,Car
925,Car
926,Car
927,Car
928,Car
929,Car
930,Car
931,Car
932,Car
933,Car
934,Car
935,Car
936,Car
937,Car
938,Car
939,Car
940,Car
941,Car
942,Car
943,Car
944,Car
945,Car
946,Car
947,Car
948,Car
949,Car
950,Car
951,Car
952,Car
953,Car
954,Car
955,Car
956,Car
957,Car
958,Car
959,Car
960,Car
961,Car
962,Car
963,Car
964,Car
965,Car
966,Car
967,Car
968,Car
969,Car
970,Car
971,Car
972,Car
973,Car
974,Car
975,Car
976,Car
977,Car
978,Car
979,Car
980,Car
981,Car
982,Car
983,Car
984,Car
985,Car
986,Car
987,Car
988,Car
989,Car
990,Car
991,Car
992,Car
993,Car
994,Car
995,Car
996,Car
997,Car
998,Car
999,Car
1000,Car
1001,Car
1002,Car
1003,Car
1004,Car
1005,Car
1006,Car
1007,Car
1008,Car
1009,Car
1010,Car
1011,Car
1012,Car
1013,Car
1014,Car
1015,Car
1016,Car
1017,Car
1018,Car
1019,Car
1020,Car
1021,Car
1022,Car
1023,Car
1024,Car
1025,Car
1026,Car
1027,Car
1028,Car
1029,Car
1030,Car
1031,Car
1032,Car
1033,Car
1034,Car
1035,Car
1036,Car
1037,Car
1038,Car
1039,Car
1040,Car
1041,Car
1042,Car
1043,Car
1044,Car
1045,Car
1046,Car
1047,Car
1048,Car
1049,Car
1050,Car
1051,Car
1052,Car
1053,Car
1054,Car
1055,Car
1056,Car
1057,Car
1058,Car
1059,Car
1060,Car
1061,Car
1062,Car
1063,Car
1064,Car
1065,Car
1066,Car
1067,Car
1068,Car
1069,Car
1070,Car
1071,Car
1072,Car
1073,Car
1074,Car
1075,Car
1076,Car
1077,Car
1078,Car
1079,Car
1080,Car
1081,Car
1082,Car
1083,Car
1084,Car
1085,Car
1086,Car
1087,Car
1088,Car
1089,Car
1090,Car
1091,Car
1092,Car
1093,Car
1094,Car
1095,Car
1096,Car
1097,Car
1098,Car
1099,Car
1100,Car
1101,Car
1102,Car
1103,Car
1104,Car
1105,Car
1106,Car
1107,Car
1108,Car
1109,Car
1110,Car
1111,Car
1112,Car
1113,Car
1114,Car
1115,Car
1116,Car
1117,Car
1118,Car
1119,Car
1120,Car
1121,Car
1122,Car
1123,Car
1124,Car
1125,Car
1126,Car
1127,Car
1128,Car
1129,Car
1130,Car
1131,Car
1132,Car
1133,Car
1134,Car
1135,Car
1136,Car
1137,Car
1138,Car
1139,Car
1140,Car
1141,Car
1142,Car
1143,Car
1144,Car
1145,Car
1146,Car
1147,Car
1148,Car
1149,Car
1150,Car
1151,Car
1152,Car
1153,Car
1154,Car
1155,Car
1156,Car
1157,Car
1158,Car
1159,Car
1160,Car
1161,Car
1162,Car
1163,Car
1164,Car
1165,Car
1166,Car
1167,Car
1168,Car
1169,Car
1170,Car
1171,Car
1172,Car
1173,Car
1174,Car
1175,Car
1176,Car
1177,Car
1178,Car
1179,Car
1180,Car
1181,Car
1182,Car
1183,Car
1184,Car
1185,Car
1186,Car
1187,Car
1188,Car
1189,Car
1190,Car
1191,Car
1192,Car
1193,Car
1194,Car
1195,Car
1196,Car
1197,Car
1198,Car
1199,Car
1200,Car
1201,Car
1202,Car
1203,Car
1204,Car
1205,Car
1206,Car
1207,Car
1208,Car
1209,Car
1210,Car
1211,Car
1212,Car
1213,Car
1214,Car
1215,Car
1216,Car
1217,Car
1218,Car
1219,Car
1220,Car
1221,Car
1222,Car
1223,Car
1224,Car
1225,Car
1226,Car
1227,Car
1228,Car
1229,Car
1230,Car
1231,Car
1232,Car
1233,Car
1234,Car
1235,Car
1236,Car
1237,Car
1238,Car
1239,Car
1240,Car
1241,Car
1242,Car
1243,Car
1244,Car
1245,Car
1246,Car
1247,Car
1248,Car
1249,Car
1250,Car
1251,Car
1252,Car
1253,Car
1254,Car
1255,Car
1256,Car
1257,Car
1258,Car
1259,Car
1260,Car
1261,Car
1262,Car
1263,Car
1264,Car
1265,Car
1266,Car
1267,Car
1268,Car
1269,Car
1270,Car
1271,Car
1272,Car
1273,Car
1274,Car
1275,Car
1276,Car
1277,Car
1278,Car
1279,Car
1280,Car
1281,Car
1282,Car
1283,Car
1284,Car
1285,Car
1286,Car
1287,Car
1288,Car
1289,Car
1290,Car
1291,Car
1292,Car
1293,Car
1294,Car
1295,Car
1296,Car
1297,Car
1298,Car
1299,Car
1300,Car
1301,Car
1302,Car
1303,Car
1304,Car
1305,Car
1306,Car
1307,Car
1308,Car
1309,Car
1310,Car
1311,Car
1312,Car
1313,Car
1314,Car
1315,Car
1316,Car
1317,Car
1318,Car
1319,Car
1320,Car
1321,Car
1322,Car
1323,Car
1324,Car
1325,Car
1326,Car
1327,Car
1328,Car
1329,Car
1330,Car
1331,Car
1332,Car
1333,Car
1334,Car
1335,Car
1336,Car
1337,Car
1338,Car
1339,Car
1340,Car
1341,Car
1342,Car
1343,Car
1344,Car
1345,Car
1346,Car
1347,Car
1348,Car
1349,Car
1350,Car
1351,Car
1352,Car
1353,Car
1354,Car
1355,Car
1356,Car
1357,Car
1358,Car
1359,Car
1360,Car
1361,Car
1362,Car
1363,Car
1364,Car
1365,Car
1366,Car
1367,Car
1368,Car
1369,Car
1370,Car
1371,Car
1372,Car
1373,Car
1374,Car
1375,Car
1376,Car
1377,Car
1378,Car
1379,Car
1380,Car
1381,Car
1382,Car
1383,Car
1384,Car
1385,Car
1386,Car
1387,Car
1388,Car
1389,Car
1390,Car
1391,Car
1392,Car
1393,Car
1394,Car
1395,Car
1396,Car
1397,Car
1398,Car
1399,Car
1400,Car
1401,Car
1402,Car
1403,Car
1404,Car
1405,Car
1406,Car
1407,Car
1408,Car
1409,Car
1410,Car
1411,Car
1412,Car
1413,Car
1414,Car
1415,Car
1416,Car
1417,Car
1418,Car
1419,Car
1420,Car
1421,Car
1422,Car
1423,Car
1424,Car
1425,Car
1426,Car
1427,Car
1428,Car
1429,Car
1430,Car
1431,Car
1432,Car
1433,Car
1434,Car
1435,Car
1436,Car
1437,Car
1438,Car
1439,Car
1440,Car
1441,Car
1442,Car
1443,Car
1444,Car
1445,Car
1446,Car
1447,Car
1448,Car
1449,Car
1450,Car
1451,Car
1452,Car
1453,Car
1454,Car
1455,Car
1456,Car
1457,Car
1458,Car
1459,Car
1460,Car
1461,Car
1462,Car
1463,Car
1464,Car
1465,Car
1466,Car
1467,Car
1468,Car
1469,Car
1470,Car
1471,Car
1472,Car
1473,Car
1474,Car
1475,Car
1476,Car
1477,Car
1478,Car
1479,Car
1480,Car
1481,Car
1482,Car
1483,Car
1484,Car
1485,Car
1486,Car
1487,Car
1488,Car
1489,Car
1490,Car
1491,Car
1492,Car
1493,Car
1494,Car
1495,Car
1496,Car
1497,Car
1498,Car
1499,Car
1500,Car
1501,Car
1502,Car
1503,Car
1504,Car
1505,Car
1506,Car
1507,Car
1508,Car
1509,Car
1510,Car
1511,Car
1512,Car
1513,Car
1514,Car
1515,Car
1516,Car
1517,Car
1518,Car
1519,Car
1520,Car
1521,Car
1522,Car
1523,Car
1524,Car
1525,Car
1526,Car
1527,Car
1528,Car
1529,Car
1530,Car
1531,Car
1532,Car
1533,Car
1534,Car
1535,Car
1536,Car
1537,Car
1538,Car
1539,Car
1540,Car
1541,Car
1542,Car
1543,Car
1544,Car
1545,Car
1546,Car
1547,Car
1548,Car
1549,Car
1550,Car
1551,Car
1552,Car
1553,Car
1554,Car
1555,Car
1556,Car
1557,Car
1558,Car
1559,Car
1560,Car
1561,Car
1562,Car
1563,Car
1564,Car
1565,Car
1566,Car
1567,Car
1568,Car
1569,Car
1570,Car
1571,Car
1572,Car
1573,Car
1574,Car
1575,Car
1576,Car
1577,Car
1578,Car
1579,Car
1580,Car
1581,Car
1582,Car
1583,Car
1584,Car
1585,Car
1586,Car
1587,Car
1588,Car
1589,Car
1590,Car
1591,Car
1592,Car
1593,Car
1594,Car
1595,Car
1596,Car
1597,Car
1598,Car
1599,Car
1600,Car
1601,Car
1602,Car
1603,Car
1604,Car
1605,Car
1606,Car
1607,Car
1608,Car
1609,Car
1610,Car
1611,Car
1612,Car
1613,Car
1614,Car
1615,Car
1616,Car
1617,Car
1618,Car
1619,Car
1620,Car
1621,Car
1622,Car
1623,Car
1624,Car
1625,Car
1626,Car
1627,Car
1628,Car
1629,Car
1630,Car
1631,Car
1632,Car
1633,Car
1634,Car
1635,Car
1636,Car
1637,Car
1638,Car
1639,Car
1640,Car
1641,Car
1642,Car
1643,Car
1644,Car
1645,Car
1646,Car
1647,Car
1648,Car
1649,Car
1650,Car
1651,Car
1652,Car
1653,Car
1654,Car
1655,Car
1656,Car
1657,Car
1658,Car
1659,Car
1660,Car
1661,Car
1662,Car
1663,Car
1664,Car
1665,Car
1666,Car
1667,Car
1668,Car
1669,Car
1670,Car
1671,Car
1672,Car
1673,Car
1674,Car
1675,Car
1676,Car
1677,Car
1678,Car
1679,Car
1680,Car
1681,Car
1682,Car
1683,Car
1684,Car
1685,Car
1686,Car
1687,Car
1688,Car
1689,Car
1690,Car
1691,Car
1692,Car
1693,Car
1694,Car
1695,Car
1696,Car
1697,Car
1698,Car
1699,Car
1700,Car
1701,Car
1702,Car
1703,Car
1704,Car
1705,Car
1706,Car
1707,Car
1708,Car
1709,Car
1710,Car
1711,Car
1712,Car
1713,Car
1714,Car
1715,Car
1716,Car
1717,Car
1718,Car
1719,Car
1720,Car
1721,Car
1722,Car
1723,Car
1724,Car
1725,Car
1726,Car
1727,Car
1728,Car
1729,Car
1730,Car
1731,Car
1732,Car
1733,Car
1734,Car
1735,Car
1736,Car
1737,Car
1738,Car
1739,Car
1740,Car
1741,Car
1742,Car
1743,Car
1744,Car
1745,Car
1746,Car
1747,Car
1748,Car
1749,Car
1750,Car
1751,Car
1752,Car
1753,Car
1754,Car
1755,Car
1756,Car
1757,Car
1758,Car
1759,Car
1760,Car
1761,Car
1762,Car
1763,Car
1764,Car
1765,Car
1766,Car
1767,Car
1768,Car
1769,Car
1770,Car
1771,Car
1772,Car
1773,Car
1774,Car
1775,Car
1776,Car
1777,Car
1778,Car
1779,Car
1780,Car
1781,Car
1782,Car
1783,Car
1784,Car
1785,Car
1786,Car
1787,Car
1788,Car
1789,Car
1790,Car
1791,Car
1792,Car
1793,Car
1794,Car
1795,Car
1796,Car
1797,Car
1798,Car
1799,Car
1800,Car
1801,Car
1802,Car
1803,Car
1804,Car
1805,Car
1806,Car
1807,Car
1808,Car
1809,Car
1810,Car
1811,Car
1812,Car
1813,Car
1814,Car
1815,Car
1816,Car
1817,Car
1818,Car
1819,Car
1820,Car
1821,Car
1822,Car
1823,Car
1824,Car
1825,Car
1826,Car
1827,Car
1828,Car
1829,Car
1830,Car
1831,Car
1832,Car
1833,Car
1834,Car
1835,Car
1836,Car
1837,Car
1838,Car
1839,Car
1840,Car
1841,Car
1842,Car
1843,Car
1844,Car
1845,Car
1846,Car
1847,Car
1848,Car
1849,Car
1850,Car
1851,Car
1852,Car
1853,Car
1854,Car
1855,Car
1856,Car
1857,Car
1858,Car
1859,Car
1860,Car
1861,Car
1862,Car
1863,Car
1864,Car
1865,Car
1866,Car
1867,Car
1868,Car
1869,Car
1870,Car
1871,Car
1872,Car
1873,Car
1874,Car
1875,Car
1876,Car
1877,Car
1878,Car
1879,Car
1880,Car
1881,Car
1882,Car
1883,Car
1884,Car
1885,Car
1886,Car
1887,Car
1888,Car
1889,Car
1890,Car
1891,Car
1892,Car
1893,Car
1894,Car
1895,Car
1896,Car
1897,Car
1898,Car
1899,Car
1900,Car
1901,Car
1902,Car
1903,Car
1904,Car
1905,Car
1906,Car
1907,Car
1908,Car
1909,Car
1910,Car
1911,Car
1912,Car
1913,Car
1914,Car
1915,Car
1916,Car
1917,Car
1918,Car
1919,Car
1920,Car
1921,Car
1922,Car
1923,Car
1924,Car
1925,Car
1926,Car
1927,Car
1928,Car
1929,Car
1930,Car
1931,Car
1932,Car
1933,Car
1934,Car
1935,Car
1936,Car
1937,Car
1938,Car
1939,Car
1940,Car
1941,Car
1942,Car
1943,Car
1944,Car
1945,Car
1946,Car
1947,Car
1948,Car
1949,Car
1950,Car
1951,Car
1952,Car
1953,Car
1954,Car
1955,Car
1956,Car
1957,Car
1958,Car
1959,Car
1960,Car
1961,Car
1962,Car
1963,Car
1964,Car
1965,Car
1966,Car
1967,Car
1968,Car
1969,Car
1970,Car
1971,Car
1972,Car
1973,Car
1974,Car
1975,Car
1976,Car
1977,Car
1978,Car
1979,Car
1980,Car
1981,Car
1982,Car
1983,Car
1984,Car
1985,Car
1986,Car
1987,Car
1988,Car
1989,Car
1990,Car
1991,Car
1992,Car
1993,Car
1994,Car
1995,Car
1996,Car
1997,Car
1998,Car
1999,Car
2000,Car
2001,Car
2002,Car
2003,Car
2004,Car
2005,Car
2006,Car
2007,Car
2008,Car
2009,Car
2010,Car
2011,Car
2012,Car
2013,Car
2014,Car
2015,Car
2016,Car
2017,Car
2018,Car
2019,Car
2020,Car
2021,Car
2022,Car
2023,Car
2024,Car
2025,Car
2026,Car
2027,Car
2028,Car
2029,Car
2030,Car
2031,Car
2032,Car
2033,Car
2034,Car
2035,Car
2036,Car
2037,Car
2038,Car
2039,Car
2040,Car
2041,Car
2042,Car
2043,Car
2044,Car
2045,Car
2046,Car
2047,Car
2048,Car
2049,Car
2050,Car
2051,Car
2052,Car
2053,Car
2054,Car
2055,Car
2056,Car
2057,Car
2058,Car
2059,Car
2060,Car
2061,Car
2062,Car
2063,Car
2064,Car
2065,Car
2066,Car
2067,Car
2068,Car
2069,Car
2070,Car
2071,Car
2072,Car
2073,Car
2074,Car
2075,Car
2076,Car
2077,Car
2078,Car
2079,Car
2080,Car
2081,Car
2082,Car
2083,Car
2084,Car
2085,Car
2086,Car
2087,Car
2088,Car
2089,Car
2090,Car
2091,Car
2092,Car
2093,Car
2094,Car
2095,Car
2096,Car
2097,Car
2098,Car
2099,Car
2100,Car
2101,Car
2102,Car
2103,Car
2104,Car
2105,Car
2106,Car
2107,Car
2108,Car
2109,Car
2110,Car
2111,Car
2112,Car
2113,Car
2114,Car
2115,Car
2116,Car
2117,Car
2118,Car
2119,Car
2120,Car
2121,Car
2122,Car
2123,Car
2124,Car
2125,Car
2126,Car
2127,Car
2128,Car
2129,Car
2130,Car
2131,Car
2132,Car
2133,Car
2134,Car
2135,Car
2136,Car
2137,Car
2138,Car
2139,Car
2140,Car
2141,Car
2142,Car
2143,Car
2144,Car
2145,Car
2146,Car
2147,Car
2148,Car
2149,Car
2150,Car
2151,Car
2152,Car
2153,Car
2154,Car
2155,Car
2156,Car
2157,Car
2158,Car
2159,Car
2160,Car
2161,Car
2162,Car
2163,Car
2164,Car
2165,Car
2166,Car
2167,Car
2168,Car
2169,Car
2170,Car
2171,Car
2172,Car
2173,Car
2174,Car
2175,Car
2176,Car
2177,Car
2178,Car
2179,Car
2180,Car
2181,Car
2182,Car
2183,Car
2184,Car
2185,Car
2186,Car
2187,Car
2188,Car
2189,Car
2190,Car
2191,Car
2192,Car
2193,Car
2194,Car
2195,Car
2196,Car
2197,Car
2198,Car
2199,Car
2200,Car
2201,Car
2202,Car
2203,Car
2204,Car
2205,Car
2206,Car
2207,Car
2208,Car
2209,Car
2210,Car
2211,Car
2212,Car
2213,Car
2214,Car
2215,Car
2216,Car
2217,Car
2218,Car
2219,Car
2220,Car
2221,Car
2222,Car
2223,Car
2224,Car
2225,Car
2226,Car
2227,Car
2228,Car
2229,Car
2230,Car
2231,Car
2232,Car
2233,Car
2234,Car
2235,Car
2236,Car
2237,Car
2238,Car
2239,Car
2240,Car
2241,Car
2242,Car
2243,Car
2244,Car
2245,Car
2246,Car
2247,Car
2248,Car
2249,Car
2250,Car
2251,Car
2252,Car
2253,Car
2254,Car
2255,Car
2256,Car
2257,Car
2258,Car
2259,Car
2260,Car
2261,Car
2262,Car
2263,Car
2264,Car
2265,Car
2266,Car
2267,Car
2268,Car
2269,Car
2270,Car
2271,Car
2272,Car
2273,Car
2274,Car
2275,Car
2276,Car
2277,Car
2278,Car
2279,Car
2280,Car
2281,Car
2282,Car
2283,Car
2284,Car
2285,Car
2286,Car
2287,Car
2288,Car
2289,Car
2290,Car
2291,Car
2292,Car
2293,Car
2294,Car
2295,Car
2296,Car
2297,Car
2298,Car
2299,Car
2300,Car
2301,Car
2302,Car
2303,Car
2304,Car
2305,Car
2306,Car
2307,Car
2308,Car
2309,Car
2310,Car
2311,Car
2312,Car
2313,Car
2314,Car
2315,Car
2316,Car
2317,Car
2318,Car
2319,Car
2320,Car
2321,Car
2322,Car
2323,Car
2324,Car
2325,Car
2326,Car
2327,Car
2328,Car
2329,Car
2330,Car
2331,Car
2332,Car
2333,Car
2334,Car
2335,Car
2336,Car
2337,Car
2338,Car
2339,Car
2340,Car
2341,Car
2342,Car
2343,Car
2344,Car
2345,Car
2346,Car
2347,Car
2348,Car
2349,Car
2350,Car
2351,Car
2352,Car
2353,Car
2354,Car
2355,Car
2356,Car
2357,Car
2358,Car
2359,Car
2360,Car
2361,Car
2362,Car
2363,Car
2364,Car
2365,Car
2366,Car
2367,Car
2368,Car
2369,Car
2370,Car
2371,Car
2372,Car
2373,Car
2374,Car
2375,Car
2376,Car
2377,Car
2378,Car
2379,Car
2380,Car
2381,Car
2382,Car
2383,Car
2384,Car
2385,Car
2386,Car
2387,Car
2388,Car
2389,Car
2390,Car
2391,Car
2392,Car
2393,Car
2394,Car
2395,Car
2396,Car
2397,Car
2398,Car
2399,Car
2400,Car
2401,Car
2402,Car
2403,Car
2404,Car
2405,Car
2406,Car
2407,Car
2408,Car
2409,Car
2410,Car
2411,Car
2412,Car
2413,Car
2414,Car
2415,Car
2416,Car
2417,Car
2418,Car
2419,Car
2420,Car
2421,Car
2422,Car
2423,Car
2424,Car
2425,Car
2426,Car
2427,Car
2428,Car
2429,Car
2430,Car
2431,Car
2432,Car
2433,Car
2434,Car
2435,Car
2436,Car
2437,Car
2438,Car
2439,Car
2440,Car
2441,Car
2442,Car
2443,Car
2444,Car
2445,Car
2446,Car
2447,Car
2448,Car
2449,Car
2450,Car
2451,Car
2452,Car
2453,Car
2454,Car
2455,Car
2456,Car
2457,Car
2458,Car
2459,Car
2460,Car
2461,Car
2462,Car
2463,Car
2464,Car
2465,Car
2466,Car
2467,Car
2468,Car
2469,Car
2470,Car
2471,Car
2472,Car
2473,Car
2474,Car
2475,Car
2476,Car
2477,Car
2478,Car
2479,Car
2480,Car
2481,Car
2482,Car
2483,Car
2484,Car
2485,Car
2486,Car
2487,Car
2488,Car
2489,Car
2490,Car
2491,Car
2492,Car
2493,Car
2494,Car
2495,Car
2496,Car
2497,Car
2498,Car
2499,Car
2500,Car
2501,Car
2502,Car
2503,Car
2504,Car
2505,Car
2506,Car
2507,Car
2508,Car
2509,Car
2510,Car
2511,Car
2512,Car
2513,Car
2514,Car
2515,Car
2516,Car
2517,Car
2518,Car
2519,Car
2520,Car
2521,Car
2522,Car
2523,Car
2524,Car
2525,Car
2526,Car
2527,Car
2528,Car
2529,Car
2530,Car
2531,Car
2532,Car
2533,Car
2534,Car
2535,Car
2536,Car
2537,Car
2538,Car
2539,Car
2540,Car
2541,Car
2542,Car
2543,Car
2544,Car
2545,Car
2546,Car
2547,Car
2548,Car
2549,Car
2550,Car
2551,Car
2552,Car
2553,Car
2554,Car
2555,Car
2556,Car
2557,Car
2558,Car
2559,Car
2560,Car
2561,Car
2562,Car
2563,Car
2564,Car
2565,Car
2566,Car
2567,Car
2568,Car
2569,Car
2570,Car
2571,Car
2572,Car
2573,Car
2574,Car
2575,Car
2576,Car
2577,Car
2578,Car
2579,Car
2580,Car
2581,Car
2582,Car
2583,Car
2584,Car
2585,Car
2586,Car
2587,Car
2588,Car
2589,Car
2590,Car
2591,Car
2592,Car
2593,Car
2594,Car
2595,Car
2596,Car
2597,Car
2598,Car
2599,Car
2600,Car
2601,Car
2602,Car
2603,Car
2604,Car
2605,Car
2606,Car
2607,Car
2608,Car
2609,Car
2610,Car
2611,Car
2612,Car
2613,Car
2614,Car
2615,Car
2616,Car
2617,Car
2618,Car
2619,Car
2620,Car
2621,Car
2622,Car
2623,Car
2624,Car
2625,Car
2626,Car
2627,Car
2628,Car
2629,Car
2630,Car
2631,Car
2632,Car
2633,Car
2634,Car
2635,Car
2636,Car
2637,Car
2638,Car
2639,Car
2640,Car
2641,Car
2642,Car
2643,Car
2644,Car
2645,Car
2646,Car
2647,Car
2648,Car
2649,Car
2650,Car
2651,Car
2652,Car
2653,Car
2654,Car
2655,Car
2656,Car
2657,Car
2658,Car
2659,Car
2660,Car
2661,Car
2662,Car
2663,Car
2664,Car
2665,Car
2666,Car
2667,Car
2668,Car
2669,Car
2670,Car
2671,Car
2672,Car
2673,Car
2674,Car
2675,Car
2676,Car
2677,Car
2678,Car
2679,Car
2680,Car
2681,Car
2682,Car
2683,Car
2684,Car
2685,Car
2686,Car
2687,Car
2688,Car
2689,Car
2690,Car
2691,Car
2692,Car
2693,Car
2694,Car
2695,Car
2696,Car
2697,Car
2698,Car
2699,Car
2700,Car
2701,Car
2702,Car
2703,Car
2704,Car
2705,Car
2706,Car
2707,Car
2708,Car
2709,Car
2710,Car
2711,Car
2712,Car
2713,Car
2714,Car
2715,Car
2716,Car
2717,Car
2718,Car
2719,Car
2720,Car
2721,Car
2722,Car
2723,Car
2724,Car
2725,Car
2726,Car
2727,Car
2728,Car
2729,Car
2730,Car
2731,Car
2732,Car
2733,Car
2734,Car
2735,Car
2736,Car
2737,Car
2738,Car
2739,Car
2740,Car
2741,Car
2742,Car
2743,Car
2744,Car
2745,Car
2746,Car
2747,Car
2748,Car
2749,Car
2750,Car
2751,Car
2752,Car
2753,Car
2754,Car
2755,Car
2756,Car
2757,Car
2758,Car
2759,Car
2760,Car
2761,Car
2762,Car
2763,Car
2764,Car
2765,Car
2766,Car
2767,Car
2768,Car
2769,Car
2770,Car
2771,Car
2772,Car
2773,Car
2774,Car
2775,Car
2776,Car
2777,Car
2778,Car
2779,Car
2780,Car
2781,Car
2782,Car
2783,Car
2784,Car
2785,Car
2786,Car
2787,Car
2788,Car
2789,Car
2790,Car
2791,Car
2792,Car
2793,Car
2794,Car
2795,Car
2796,Car
2797,Car
2798,Car
2799,Car
2800,Car
2801,Car
2802,Car
2803,Car
2804,Car
2805,Car
2806,Car
2807,Car
2808,Car
2809,Car
2810,Car
2811,Car
2812,Car
2813,Car
2814,Car
2815,Car
2816,Car
2817,Car
2818,Car
2819,Car
2820,Car
2821,Car
2822,Car
2823,Car
2824,Car
2825,Car
2826,Car
2827,Car
2828,Car
2829,Car
2830,Car
2831,Car
2832,Car
2833,Car
2834,Car
2835,Car
2836,Car
2837,Car
2838,Car
2839,Car
2840,Car
2841,Car
2842,Car
2843,Car
2844,Car
2845,Car
2846,Car
2847,Car
2848,Car
2849,Car
2850,Car
2851,Car
2852,Car
2853,Car
2854,Car
2855,Car
2856,Car
2857,Car
2858,Car
2859,Car
2860,Car
2861,Car
2862,Car
2863,Car
2864,Car
2865,Car
2866,Car
2867,Car
2868,Car
2869,Car
2870,Car
2871,Car
2872,Car
2873,Car
2874,Car
2875,Car
2876,Car
2877,Car
2878,Car
2879,Car
2880,Car
2881,Car
2882,Car
2883,Car
2884,Car
2885,Car
2886,Car
2887,Car
2888,Car
2889,Car
2890,Car
2891,Car
2892,Car
2893,Car
2894,Car
2895,Car
2896,Car
2897,Car
2898,Car
2899,Car
2900,Car
2901,Car
2902,Car
2903,Car
2904,Car
2905,Car
2906,Car
2907,Car
2908,Car
2909,Car
2910,Car
2911,Car
2912,Car
2913,Car
2914,Car
2915,Car
2916,Car
2917,Car
2918,Car
2919,Car
2920,Car
2921,Car
2922,Car
2923,Car
2924,Car
2925,Car
2926,Car
2927,Car
2928,Car
2929,Car
2930,Car
2931,Car
2932,Car
2933,Car
2934,Car
2935,Car
2936,Car
2937,Car
2938,Car
2939,Car
2940,Car
2941,Car
2942,Car
2943,Car
2944,Car
2945,Car
2946,Car
2947,Car
2948,Car
2949,Car
2950,Car
2951,Car
2952,Car
2953,Car
2954,Car
2955,Car
2956,Car
2957,Car
2958,Car
2959,Car
2960,Car
2961,Car
2962,Car
2963,Car
2964,Car
2965,Car
2966,Car
2967,Car
2968,Car
2969,Car
2970,Car
2971,Car
2972,Car
2973,Car
2974,Car
2975,Car
2976,Car
2977,Car
2978,Car
2979,Car
2980,Car
2981,Car
2982,Car
2983,Car
2984,Car
2985,Car
2986,Car
2987,Car
2988,Car
2989,Car
2990,Car
2991,Car
2992,Car
2993,Car
2994,Car
2995,Car
2996,Car
2997,Car
2998,Car
2999,Car
3000,Car
3001,Car
3002,Car
3003,Car
3004,Car
3005,Car
3006,Car
3007,Car
3008,Car
3009,Car
3010,Car
3011,Car
3012,Car
3013,Car
3014,Car
3015,Car
3016,Car
3017,Car
3018,Car
3019,Car
3020,Car
3021,Car
3022,Car
3023,Car
3024,Car
3025,Car
3026,Car
3027,Car
3028,Car
3029,Car
3030,Car
3031,Car
3032,Car
3033,Car
3034,Car
3035,Car
3036,Car
3037,Car
3038,Car
3039,Car
3040,Car
3041,Car
3042,Car
3043,Car
3044,Car
3045,Car
3046,Car
3047,Car
3048,Car
3049,Car
3050,Car
3051,Car
3052,Car
3053,Car
3054,Car
3055,Car
3056,Car
3057,Car
3058,Car
3059,Car
3060,Car
3061,Car
3062,Car
3063,Car
3064,Car
3065,Car
3066,Car
3067,Car
3068,Car
3069,Car
3070,Car
3071,Car
3072,Car
3073,Car
3074,Car
3075,Car
3076,Car
3077,Car
3078,Car
3079,Car
3080,Car
3081,Car
3082,Car
3083,Car
3084,Car
3085,Car
3086,Car
3087,Car
3088,Car
3089,Car
3090,Car
3091,Car
3092,Car
3093,Car
3094,Car
3095,Car
3096,Car
3097,Car
3098,Car
3099,Car
3100,Car
3101,Car
3102,Car
3103,Car
3104,Car
3105,Car
3106,Car
3107,Car
3108,Car
3109,Car
3110,Car
3111,Car
3112,Car
3113,Car
3114,Car
3115,Car
3116,Car
3117,Car
3118,Car
3119,Car
3120,Car
3121,Car
3122,Car
3123,Car
3124,Car
3125,Car
3126,Car
3127,Car
3128,Car
3129,Car
3130,Car
3131,Car
3132,Car
3133,Car
3134,Car
3135,Car
3136,Car
3137,Car
3138,Car
3139,Car
3140,Car
3141,Car
3142,Car
3143,Car
3144,Car
3145,Car
3146,Car
3147,Car
3148,Car
3149,Car
3150,Car
3151,Car
3152,Car
3153,Car
3154,Car
3155,Car
3156,Car
3157,Car
3158,Car
3159,Car
3160,Car
3161,Car
3162,Car
3163,Car
3164,Car
3165,Car
3166,Car
3167,Car
3168,Car
3169,Car
3170,Car
3171,Car
3172,Car
3173,Car
3174,Car
3175,Car
3176,Car
3177,Car
3178,Car
3179,Car
3180,Car
3181,Car
3182,Car
3183,Car
3184,Car
3185,Car
3186,Car
3187,Car
3188,Car
3189,Car
3190,Car
3191,Car
3192,Car
3193,Car
3194,Car
3195,Car
3196,Car
3197,Car
3198,Car
3199,Car
3200,Car
3201,Car
3202,Car
3203,Car
3204,Car
3205,Car
3206,Car
3207,Car
3208,Car
3209,Car
3210,Car
3211,Car
3212,Car
3213,Car
3214,Car
3215,Car
3216,Car
3217,Car
3218,Car
3219,Car
3220,Car
3221,Car
3222,Car
3223,Car
3224,Car
3225,Car
3226,Car
3227,Car
3228,Car
3229,Car
3230,Car
3231,Car
3232,Car
3233,Car
3234,Car
3235,Car
3236,Car
3237,Car
3238,Car
3239,Car
3240,Car
3241,Car
3242,Car
3243,Car
3244,Car
3245,Car
3246,Car
3247,Car
3248,Car
3249,Car
3250,Car
3251,Car
3252,Car
3253,Car
3254,Car
3255,Car
3256,Car
3257,Car
3258,Car
3259,Car
3260,Car
3261,Car
3262,Car
3263,Car
3264,Car
3265,Car
3266,Car
3267,Car
3268,Car
3269,Car
3270,Car
3271,Car
3272,Car
3273,Car
3274,Car
3275,Car
3276,Car
3277,Car
3278,Car
3279,Car
3280,Car
3281,Car
3282,Car
3283,Car
3284,Car
3285,Car
3286,Car
3287,Car
3288,Car
3289,Car
3290,Car
3291,Car
3292,Car
3293,Car
3294,Car
3295,Car
3296,Car
3297,Car
3298,Car
3299,Car
3300,Car
3301,Car
3302,Car
3303,Car
3304,Car
3305,Car
3306,Car
3307,Car
3308,Car
3309,Car
3310,Car
3311,Car
3312,Car
3313,Car
3314,Car
3315,Car
3316,Car
3317,Car
3318,Car
3319,Car
3320,Car
3321,Car
3322,Car
3323,Car
3324,Car
3325,Car
3326,Car
3327,Car
3328,Car
3329,Car
3330,Car
3331,Car
3332,Car
3333,Car
3334,Car
3335,Car
3336,Car
3337,Car
3338,Car
3339,Car
3340,Car
3341,Car
3342,Car
3343,Car
3344,Car
3345,Car
3346,Car
3347,Car
3348,Car
3349,Car
3350,Car
3351,Car
3352,Car
3353,Car
3354,Car
3355,Car
3356,Car
3357,Car
3358,Car
3359,Car
3360,Car
3361,Car
3362,Car
3363,Car
3364,Car
3365,Car
3366,Car
3367,Car
3368,Car
3369,Car
3370,Car
3371,Car
3372,Car
3373,Car
3374,Car
3375,Car
3376,Car
3377,Car
3378,Car
3379,Car
3380,Car
3381,Car
3382,Car
3383,Car
3384,Car
3385,Car
3386,Car
3387,Car
3388,Car
3389,Car
3390,Car
3391,Car
3392,Car
3393,Car
3394,Car
3395,Car
3396,Car
3397,Car
3398,Car
3399,Car
3400,Car
3401,Car
3402,Car
3403,Car
3404,Car
3405,Car
3406,Car
3407,Car
3408,Car
3409,Car
3410,Car
3411,Car
3412,Car
3413,Car
3414,Car
3415,Car
3416,Car
3417,Car
3418,Car
3419,Car
3420,Car
3421,Car
3422,Car
3423,Car
3424,Car
3425,Car
3426,Car
3427,Car
3428,Car
3429,Car
3430,Car
3431,Car
3432,Car
3433,Car
3434,Car
3435,Car
3436,Car
3437,Car
3438,Car
3439,Car
3440,Car
3441,Car
3442,Car
3443,Car
3444,Car
3445,Car
3446,Car
3447,Car
3448,Car
3449,Car
3450,Car
3451,Car
3452,Car
3453,Car
3454,Car
3455,Car
3456,Car
3457,Car
3458,Car
3459,Car
3460,Car
3461,Car
3462,Car
3463,Car
3464,Car
3465,Car
3466,Car
3467,Car
3468,Car
3469,Car
3470,Car
3471,Car
3472,Car
3473,Car
3474,Car
3475,Car
3476,Car
3477,Car
3478,Car
3479,Car
3480,Car
3481,Car
3482,Car
3483,Car
3484,Car
3485,Car
3486,Car
3487,Car
3488,Car
3489,Car
3490,Car
3491,Car
3492,Car
3493,Car
3494,Car
3495,Car
3496,Car
3497,Car
3498,Car
3499,Car
3500,Car
3501,Car
3502,Car
3503,Car
3504,Car
3505,Car
3506,Car
3507,Car
3508,Car
3509,Car
3510,Car
3511,Car
3512,Car
3513,Car
3514,Car
3515,Car
3516,Car
3517,Car
3518,Car
3519,Car
3520,Car
3521,Car
3522,Car
3523,Car
3524,Car
3525,Car
3526,Car
3527,Car
3528,Car
3529,Car
3530,Car
3531,Car
3532,Car
3533,Car
3534,Car
3535,Car
3536,Car
3537,Car
3538,Car
3539,Car
3540,Car
3541,Car
3542,Car
3543,Car
3544,Car
3545,Car
3546,Car
3547,Car
3548,Car
3549,Car
3550,Car
3551,Car
3552,Car
3553,Car
3554,Car
3555,Car
3556,Car
3557,Car
3558,Car
3559,Car
3560,Car
3561,Car
3562,Car
3563,Car
3564,Car
3565,Car
3566,Car
3567,Car
3568,Car
3569,Car
3570,Car
3571,Car
3572,Car
3573,Car
3574,Car
3575,Car
3576,Car
3577,Car
3578,Car
3579,Car
3580,Car
3581,Car
3582,Car
3583,Car
3584,Car
3585,Car
3586,Car
3587,Car
3588,Car
3589,Car
3590,Car
3591,Car
3592,Car
3593,Car
3594,Car
3595,Car
3596,Car
3597,Car
3598,Car
3599,Car
3600,Car
3601,Car
3602,Car
3603,Car
3604,Car
3605,Car
3606,Car
3607,Car
3608,Car
3609,Car
3610,Car
3611,Car
3612,Car
3613,Car
3614,Car
3615,Car
3616,Car
3617,Car
3618,Car
3619,Car
3620,Car
3621,Car
3622,Car
3623,Car
3624,Car
3625,Car
3626,Car
3627,Car
3628,Car
3629,Car
3630,Car
3631,Car
3632,Car
3633,Car
3634,Car
3635,Car
3636,Car
3637,Car
3638,Car
3639,Car
3640,Car
3641,Car
3642,Car
3643,Car
3644,Car
3645,Car
3646,Car
3647,Car
3648,Car
3649,Car
3650,Car
3651,Car
3652,Car
3653,Car
3654,Car
3655,Car
3656,Car
3657,Car
3658,Car
3659,Car
3660,Car
3661,Car
3662,Car
3663,Car
3664,Car
3665,Car
3666,Car
3667,Car
3668,Car
3669,Car
3670,Car
3671,Car
3672,Car
3673,Car
3674,Car
3675,Car
3676,Car
3677,Car
3678,Car
3679,Car
3680,Car
3681,Car
3682,Car
3683,Car
3684,Car
3685,Car
3686,Car
3687,Car
3688,Car
3689,Car
3690,Car
3691,Car
3692,Car
3693,Car
3694,Car
3695,Car
3696,Car
3697,Car
3698,Car
3699,Car
3700,Car
3701,Car
3702,Car
3703,Car
3704,Car
3705,Car
3706,Car
3707,Car
3708,Car
3709,Car
3710,Car
3711,Car
3712,Car
3713,Car
3714,Car
3715,Car
3716,Car
3717,Car
3718,Car
3719,Car
3720,Car
3721,Car
3722,Car
3723,Car
3724,Car
3725,Car
3726,Car
3727,Car
3728,Car
3729,Car
3730,Car
3731,Car
3732,Car
3733,Car
3734,Car
3735,Car
3736,Car
3737,Car
3738,Car
3739,Car
3740,Car
3741,Car
3742,Car
3743,Car
3744,Car
3745,Car
3746,Car
3747,Car
3748,Car
3749,Car
3750,Car
3751,Car
3752,Car
3753,Car
3754,Car
3755,Car
3756,Car
3757,Car
3758,Car
3759,Car
3760,Car
3761,Car
3762,Car
3763,Car
3764,Car
3765,Car
3766,Car
3767,Car
3768,Car
3769,Car
3770,Car
3771,Car
3772,Car
3773,Car
3774,Car
3775,Car
3776,Car
3777,Car
3778,Car
3779,Car
3780,Car
3781,Car
3782,Car
3783,Car
3784,Car
3785,Car
3786,Car
3787,Car
3788,Car
3789,Car
3790,Car
3791,Car
3792,Car
3793,Car
3794,Car
3795,Car
3796,Car
3797,Car
3798,Car
3799,Car
3800,Car
3801,Car
3802,Car
3803,Car
3804,Car
3805,Car
3806,Car
3807,Car
3808,Car
3809,Car
3810,Car
3811,Car
3812,Car
3813,Car
3814,Car
3815,Car
3816,Car
3817,Car
3818,Car
3819,Car
3820,Car
3821,Car
3822,Car
3823,Car
3824,Car
3825,Car
3826,Car
3827,Car
3828,Car
3829,Car
3830,Car
3831,Car
3832,Car
3833,Car
3834,Car
3835,Car
3836,Car
3837,Car
3838,Car
3839,Car
3840,Car
3841,Car
3842,Car
3843,Car
3844,Car
3845,Car
3846,Car
3847,Car
3848,Car
3849,Car
3850,Car
3851,Car
3852,Car
3853,Car
3854,Car
3855,Car
3856,Car
3857,Car
3858,Car
3859,Car
3860,Car
3861,Car
3862,Car
3863,Car
3864,Car
3865,Car
3866,Car
3867,Car
3868,Car
3869,Car
3870,Car
3871,Car
3872,Car
3873,Car
3874,Car
3875,Car
3876,Car
3877,Car
3878,Car
3879,Car
3880,Car
3881,Car
3882,Car
3883,Car
3884,Car
3885,Car
3886,Car
3887,Car
3888,Car
3889,Car
3890,Car
3891,Car
3892,Car
3893,Car
3894,Car
3895,Car
3896,Car
3897,Car
3898,Car
3899,Car
3900,Car
3901,Car
3902,Car
3903,Car
3904,Car
3905,Car
3906,Car
3907,Car
3908,Car
3909,Car
3910,Car
3911,Car
3912,Car
3913,Car
3914,Car
3915,Car
3916,Car
3917,Car
3918,Car
3919,Car
3920,Car
3921,Car
3922,Car
3923,Car
3924,Car
3925,Car
3926,Car
3927,Car
3928,Car
3929,Car
3930,Car
3931,Car
3932,Car
3933,Car
3934,Car
3935,Car
3936,Car
3937,Car
3938,Car
3939,Car
3940,Car
3941,Car
3942,Car
3943,Car
3944,Car
3945,Car
3946,Car
3947,Car
3948,Car
3949,Car
3950,Car
3951,Car
3952,Car
3953,Car
3954,Car
3955,Car
3956,Car
3957,Car
3958,Car
3959,Car
3960,Car
3961,Car
3962,Car
3963,Car
3964,Car
3965,Car
3966,Car
3967,Car
3968,Car
3969,Car
3970,Car
3971,Car
3972,Car
3973,Car
3974,Car
3975,Car
3976,Car
3977,Car
3978,Car
3979,Car
3980,Car
3981,Car
3982,Car
3983,Car
3984,Car
3985,Car
3986,Car
3987,Car
3988,Car
3989,Car
3990,Car
3991,Car
3992,Car
3993,Car
3994,Car
3995,Car
3996,Car
3997,Car
3998,Car
3999,Car
4000,Car
4001,Car
4002,Car
4003,Car
4004,Car
4005,Car
4006,Car
4007,Car
4008,Car
4009,Car
4010,Car
4011,Car
4012,Car
4013,Car
4014,Car
4015,Car
4016,Car
4017,Car
4018,Car
4019,Car
4020,Car
4021,Car
4022,Car
4023,Car
4024,Car
4025,Car
4026,Car
4027,Car
4028,Car
4029,Car
4030,Car
4031,Car
4032,Car
4033,Car
4034,Car
4035,Car
4036,Car
4037,Car
4038,Car
4039,Car
4040,Car
4041,Car
4042,Car
4043,Car
4044,Car
4045,Car
4046,Car
4047,Car
4048,Car
4049,Car
4050,Car
4051,Car
4052,Car
4053,Car
4054,Car
4055,Car
4056,Car
4057,Car
4058,Car
4059,Car
4060,Car
4061,Car
4062,Car
4063,Car
4064,Car
4065,Car
4066,Car
4067,Car
4068,Car
4069,Car
4070,Car
4071,Car
4072,Car
4073,Car
4074,Car
4075,Car
4076,Car
4077,Car
4078,Car
4079,Car
4080,Car
4081,Car
4082,Car
4083,Car
4084,Car
4085,Car
4086,Car
4087,Car
4088,Car
4089,Car
4090,Car
4091,Car
4092,Car
4093,Car
4094,Car
4095,Car
4096,Car
4097,Car
4098,Car
4099,Car
4100,Car
4101,Car
4102,Car
4103,Car
4104,Car
4105,Car
4106,Car
4107,Car
4108,Car
4109,Car
4110,Car
4111,Car
4112,Car
4113,Car
4114,Car
4115,Car
4116,Car
4117,Car
4118,Car
4119,Car
4120,Car
4121,Car
4122,Car
4123,Car
4124,Car
4125,Car
4126,Car
4127,Car
4128,Car
4129,Car
4130,Car
4131,Car
4132,Car
4133,Car
4134,Car
4135,Car
4136,Car
4137,Car
4138,Car
4139,Car
4140,Car
4141,Car
4142,Car
4143,Car
4144,Car
4145,Car
4146,Car
4147,Car
4148,Car
4149,Car
4150,Car
4151,Car
4152,Car
4153,Car
4154,Car
4155,Car
4156,Car
4157,Car
4158,Car
4159,Car
4160,Car
4161,Car
4162,Car
4163,Car
4164,Car
4165,Car
4166,Car
4167,Car
4168,Car
4169,Car
4170,Car
4171,Car
4172,Car
4173,Car
4174,Car
4175,Car
4176,Car
4177,Car
4178,Car
4179,Car
4180,Car
4181,Car
4182,Car
4183,Car
4184,Car
4185,Car
4186,Car
4187,Car
4188,Car
4189,Car
4190,Car
4191,Car
4192,Car
4193,Car
4194,Car
4195,Car
4196,Car
4197,Car
4198,Car
4199,Car
4200,Car
4201,Car
4202,Car
4203,Car
4204,Car
4205,Car
4206,Car
4207,Car
4208,Car
4209,Car
4210,Car
4211,Car
4212,Car
4213,Car
4214,Car
4215,Car
4216,Car
4217,Car
4218,Car
4219,Car
4220,Car
4221,Car
4222,Car
4223,Car
4224,Car
4225,Car
4226,Car
4227,Car
4228,Car
4229,Car
4230,Car
4231,Car
4232,Car
4233,Car
4234,Car
4235,Car
4236,Car
4237,Car
4238,Car
4239,Car
4240,Car
4241,Car
4242,Car
4243,Car
4244,Car
4245,Car
4246,Car
4247,Car
4248,Car
4249,Car
4250,Car
4251,Car
4252,Car
4253,Car
4254,Car
4255,Car
4256,Car
4257,Car
4258,Car
4259,Car
4260,Car
4261,Car
4262,Car
4263,Car
4264,Car
4265,Car
4266,Car
4267,Car
4268,Car
4269,Car
4270,Car
4271,Car
4272,Car
4273,Car
4274,Car
4275,Car
4276,Car
4277,Car
4278,Car
4279,Car
4280,Car
4281,Car
4282,Car
4283,Car
4284,Car
4285,Car
4286,Car
4287,Car
4288,Car
4289,Car
4290,Car
4291,Car
4292,Car
4293,Car
4294,Car
4295,Car
4296,Car
4297,Car
4298,Car
4299,Car
4300,Car
4301,Car
4302,Car
4303,Car
4304,Car
4305,Car
4306,Car
4307,Car
4308,Car
4309,Car
4310,Car
4311,Car
4312,Car
4313,Car
4314,Car
4315,Car
4316,Car
4317,Car
4318,Car
4319,Car
4320,Car
4321,Car
4322,Car
4323,Car
4324,Car
4325,Car
4326,Car
4327,Car
4328,Car
4329,Car
4330,Car
4331,Car
4332,Car
4333,Car
4334,Car
4335,Car
4336,Car
4337,Car
4338,Car
4339,Car
4340,Car
4341,Car
4342,Car
4343,Car
4344,Car
4345,Car
4346,Car
4347,Car
4348,Car
4349,Car
4350,Car
4351,Car
4352,Car
4353,Car
4354,Car
4355,Car
4356,Car
4357,Car
4358,Car
4359,Car
4360,Car
4361,Car
4362,Car
4363,Car
4364,Car
4365,Car
4366,Car
4367,Car
4368,Car
4369,Car
4370,Car
4371,Car
4372,Car
4373,Car
4374,Car
4375,Car
4376,Car
4377,Car
4378,Car
4379,Car
4380,Car
4381,Car
4382,Car
4383,Car
4384,Car
4385,Car
4386,Car
4387,Car
4388,Car
4389,Car
4390,Car
4391,Car
4392,Car
4393,Car
4394,Car
4395,Car
4396,Car
4397,Car
4398,Car
4399,Car
4400,Car
4401,Car
4402,Car
4403,Car
4404,Car
4405,Car
4406,Car
4407,Car
4408,Car
4409,Car
4410,Car
4411,Car
4412,Car
4413,Car
4414,Car
4415,Car
4416,Car
4417,Car
4418,Car
4419,Car
4420,Car
4421,Car
4422,Car
4423,Car
4424,Car
4425,Car
4426,Car
4427,Car
4428,Car
4429,Car
4430,Car
4431,Car
4432,Car
4433,Car
4434,Car
4435,Car
4436,Car
4437,Car
4438,Car
4439,Car
4440,Car
4441,Car
4442,Car
4443,Car
4444,Car
4445,Car
4446,Car
4447,Car
4448,Car
4449,Car
4450,Car
4451,Car
4452,Car
4453,Car
4454,Car
4455,Car
4456,Car
4457,Car
4458,Car
4459,Car
4460,Car
4461,Car
4462,Car
4463,Car
4464,Car
4465,Car
4466,Car
4467,Car
4468,Car
4469,Car
4470,Car
4471,Car
4472,Car
4473,Car
4474,Car
4475,Car
4476,Car
4477,Car
4478,Car
4479,Car
4480,Car
4481,Car
4482,Car
4483,Car
4484,Car
4485,Car
4486,Car
4487,Car
4488,Car
4489,Car
4490,Car
4491,Car
4492,Car
4493,Car
4494,Car
4495,Car
4496,Car
4497,Car
4498,Car
4499,Car
4500,Car
4501,Car
4502,Car
4503,Car
4504,Car
4505,Car
4506,Car
4507,Car
4508,Car
4509,Car
4510,Car
4511,Car
4512,Car
4513,Car
4514,Car
4515,Car
4516,Car
4517,Car
4518,Car
4519,Car
4520,Car
4521,Car
4522,Car
4523,Car
4524,Car
4525,Car
4526,Car
4527,Car
4528,Car
4529,Car
4530,Car
4531,Car
4532,Car
4533,Car
4534,Car
4535,Car
4536,Car
4537,Car
4538,Car
4539,Car
4540,Car
4541,Car
4542,Car
4543,Car
4544,Car
4545,Car
4546,Car
4547,Car
4548,Car
4549,Car
4550,Car
4551,Car
4552,Car
4553,Car
4554,Car
4555,Car
4556,Car
4557,Car
4558,Car
4559,Car
4560,Car
4561,Car
4562,Car
4563,Car
4564,Car
4565,Car
4566,Car
4567,Car
4568,Car
4569,Car
4570,Car
4571,Car
4572,Car
4573,Car
4574,Car
4575,Car
4576,Car
4577,Car
4578,Car
4579,Car
4580,Car
4581,Car
4582,Car
4583,Car
4584,Car
4585,Car
4586,Car
4587,Car
4588,Car
4589,Car
4590,Car
4591,Car
4592,Car
4593,Car
4594,Car
4595,Car
4596,Car
4597,Car
4598,Car
4599,Car
4600,Car
4601,Car
4602,Car
4603,Car
4604,Car
4605,Car
4606,Car
4607,Car
4608,Car
4609,Car
4610,Car
4611,Car
4612,Car
4613,Car
4614,Car
4615,Car
4616,Car
4617,Car
4618,Car
4619,Car
4620,Car
4621,Car
4622,Car
4623,Car
4624,Car
4625,Car
4626,Car
4627,Car
4628,Car
4629,Car
4630,Car
4631,Car
4632,Car
4633,Car
4634,Car
4635,Car
4636,Car
4637,Car
4638,Car
4639,Car
4640,Car
4641,Car
4642,Car
4643,Car
4644,Car
4645,Car
4646,Car
4647,Car
4648,Car
4649,Car
4650,Car
4651,Car
4652,Car
4653,Car
4654,Car
4655,Car
4656,Car
4657,Car
4658,Car
4659,Car
4660,Car
4661,Car
4662,Car
4663,Car
4664,Car
4665,Car
4666,Car
4667,Car
4668,Car
4669,Car
4670,Car
4671,Car
4672,Car
4673,Car
4674,Car
4675,Car
4676,Car
4677,Car
4678,Car
4679,Car
4680,Car
4681,Car
4682,Car
4683,Car
4684,Car
4685,Car
4686,Car
4687,Car
4688,Car
4689,Car
4690,Car
4691,Car
4692,Car
4693,Car
4694,Car
4695,Car
4696,Car
4697,Car
4698,Car
4699,Car
4700,Car
4701,Car
4702,Car
4703,Car
4704,Car
4705,Car
4706,Car
4707,Car
4708,Car
4709,Car
4710,Car
4711,Car
4712,Car
4713,Car
4714,Car
4715,Car
4716,Car
4717,Car
4718,Car
4719,Car
4720,Car
4721,Car
4722,Car
4723,Car
4724,Car
4725,Car
4726,Car
4727,Car
4728,Car
4729,Car
4730,Car
4731,Car
4732,Car
4733,Car
4734,Car
4735,Car
4736,Car
4737,Car
4738,Car
4739,Car
4740,Car
4741,Car
4742,Car
4743,Car
4744,Car
4745,Car
4746,Car
4747,Car
4748,Car
4749,Car
4750,Car
4751,Car
4752,Car
4753,Car
4754,Car
4755,Car
4756,Car
4757,Car
4758,Car
4759,Car
4760,Car
4761,Car
4762,Car
4763,Car
4764,Car
4765,Car
4766,Car
4767,Car
4768,Car
4769,Car
4770,Car
4771,Car
4772,Car
4773,Car
4774,Car
4775,Car
4776,Car
4777,Car
4778,Car
4779,Car
4780,Car
4781,Car
4782,Car
4783,Car
4784,Car
4785,Car
4786,Car
4787,Car
4788,Car
4789,Car
4790,Car
4791,Car
4792,Car
4793,Car
4794,Car
4795,Car
4796,Car
4797,Car
4798,Car
4799,Car
4800,Car
4801,Car
4802,Car
4803,Car
4804,Car
4805,Car
4806,Car
4807,Car
4808,Car
4809,Car
4810,Car
4811,Car
4812,Car
4813,Car
4814,Car
4815,Car
4816,Car
4817,Car
4818,Car
4819,Car
4820,Car
4821,Car
4822,Car
4823,Car
4824,Car
4825,Car
4826,Car
4827,Car
4828,Car
4829,Car
4830,Car
4831,Car
4832,Car
4833,Car
4834,Car
4835,Car
4836,Car
4837,Car
4838,Car
4839,Car
4840,Car
4841,Car
4842,Car
4843,Car
4844,Car
4845,Car
4846,Car
4847,Car
4848,Car
4849,Car
4850,Car
4851,Car
4852,Car
4853,Car
4854,Car
4855,Car
4856,Car
4857,Car
4858,Car
4859,Car
4860,Car
4861,Car
4862,Car
4863,Car
4864,Car
4865,Car
4866,Car
4867,Car
4868,Car
4869,Car
4870,Car
4871,Car
4872,Car
4873,Car
4874,Car
4875,Car
4876,Car
4877,Car
4878,Car
4879,Car
4880,Car
4881,Car
4882,Car
4883,Car
4884,Car
4885,Car
4886,Car
4887,Car
4888,Car
4889,Car
4890,Car
4891,Car
4892,Car
4893,Car
4894,Car
4895,Car
4896,Car
4897,Car
4898,Car
4899,Car
4900,Car
4901,Car
4902,Car
4903,Car
4904,Car
4905,Car
4906,Car
4907,Car
4908,Car
4909,Car
4910,Car
4911,Car
4912,Car
4913,Car
4914,Car
4915,Car
4916,Car
4917,Car
4918,Car
4919,Car
4920,Car
4921,Car
4922,Car
4923,Car
4924,Car
4925,Car
4926,Car
4927,Car
4928,Car
4929,Car
4930,Car
4931,Car
4932,Car
4933,Car
4934,Car
4935,Car
4936,Car
4937,Car
4938,Car
4939,Car
4940,Car
4941,Car
4942,Car
4943,Car
4944,Car
4945,Car
4946,Car
4947,Car
4948,Car
4949,Car
4950,Car
4951,Car
4952,Car
4953,Car
4954,Car
4955,Car
4956,Car
4957,Car
4958,Car
4959,Car
4960,Car
4961,Car
4962,Car
4963,Car
4964,Car
4965,Car
4966,Car
4967,Car
4968,Car
4969,Car
4970,Car
4971,Car
4972,Car
4973,Car
4974,Car
4975,Car
4976,Car
4977,Car
4978,Car
4979,Car
4980,Car
4981,Car
4982,Car
4983,Car
4984,Car
4985,Car
4986,Car
4987,Car
4988,Car
4989,Car
4990,Car
4991,Car
4992,Car
4993,Car
4994,Car
4995,Car
4996,Car
4997,Car
4998,Car
4999,Car
5000,Car
5001,Car
5002,Car
5003,Car
5004,Car
5005,Car
5006,Car
5007,Car
5008,Car
5009,Car
5010,Car
5011,Car
5012,Car
5013,Car
5014,Car
5015,Car
5016,Car
5017,Car
5018,Car
5019,Car
5020,Car
5021,Car
5022,Car
5023,Car
5024,Car
5025,Car
5026,Car
5027,Car
5028,Car
5029,Car
5030,Car
5031,Car
5032,Car
5033,Car
5034,Car
5035,Car
5036,Car
5037,Car
5038,Car
5039,Car
5040,Car
5041,Car
5042,Car
5043,Car
5044,Car
5045,Car
5046,Car
5047,Car
5048,Car
5049,Car
5050,Car
5051,Car
5052,Car
5053,Car
5054,Car
5055,Car
5056,Car
5057,Car
5058,Car
5059,Car
5060,Car
5061,Car
5062,Car
5063,Car
5064,Car
5065,Car
5066,Car
5067,Car
5068,Car
5069,Car
5070,Car
5071,Car
5072,Car
5073,Car
5074,Car
5075,Car
5076,Car
5077,Car
5078,Car
5079,Car
5080,Car
5081,Car
5082,Car
5083,Car
5084,Car
5085,Car
5086,Car
5087,Car
5088,Car
5089,Car
5090,Car
5091,Car
5092,Car
5093,Car
5094,Car
5095,Car
5096,Car
5097,Car
5098,Car
5099,Car
5100,Car
5101,Car
5102,Car
5103,Car
5104,Car
5105,Car
5106,Car
5107,Car
5108,Car
5109,Car
5110,Car
5111,Car
5112,Car
5113,Car
5114,Car
5115,Car
5116,Car
5117,Car
5118,Car
5119,Car
5120,Car
5121,Car
5122,Car
5123,Car
5124,Car
5125,Car
5126,Car
5127,Car
5128,Car
5129,Car
5130,Car
5131,Car
5132,Car
5133,Car
5134,Car
5135,Car
5136,Car
5137,Car
5138,Car
5139,Car
5140,Car
5141,Car
5142,Car
5143,Car
5144,Car
5145,Car
5146,Car
5147,Car
5148,Car
5149,Car
5150,Car
5151,Car
5152,Car
5153,Car
5154,Car
5155,Car
5156,Car
5157,Car
5158,Car
5159,Car
5160,Car
5161,Car
5162,Car
5163,Car
5164,Car
5165,Car
5166,Car
5167,Car
5168,Car
5169,Car
5170,Car
5171,Car
5172,Car
5173,Car
5174,Car
5175,Car
5176,Car
5177,Car
5178,Car
5179,Car
5180,Car
5181,Car
5182,Car
5183,Car
5184,Car
5185,Car
5186,Car
5187,Car
5188,Car
5189,Car
5190,Car
5191,Car
5192,Car
5193,Car
5194,Car
5195,Car
5196,Car
5197,Car
5198,Car
5199,Car
5200,Car
5201,Car
5202,Car
5203,Car
5204,Car
5205,Car
5206,Car
5207,Car
5208,Car
5209,Car
5210,Car
5211,Car
5212,Car
5213,Car
5214,Car
5215,Car
5216,Car
5217,Car
5218,Car
5219,Car
5220,Car
5221,Car
5222,Car
5223,Car
5224,Car
5225,Car
5226,Car
5227,Car
5228,Car
5229,Car
5230,Car
5231,Car
5232,Car
5233,Car
5234,Car
5235,Car
5236,Car
5237,Car
5238,Car
5239,Car
5240,Car
5241,Car
5242,Car
5243,Car
5244,Car
5245,Car
5246,Car
5247,Car
5248,Car
5249,Car
5250,Car
5251,Car
5252,Car
5253,Car
5254,Car
5255,Car
5256,Car
5257,Car
5258,Car
5259,Car
5260,Car
5261,Car
5262,Car
5263,Car
5264,Car
5265,Car
5266,Car
5267,Car
5268,Car
5269,Car
5270,Car
5271,Car
5272,Car
5273,Car
5274,Car
5275,Car
5276,Car
5277,Car
5278,Car
5279,Car
5280,Car
5281,Car
5282,Car
5283,Car
5284,Car
5285,Car
5286,Car
5287,Car
5288,Car
5289,Car
5290,Car
5291,Car
5292,Car
5293,Car
5294,Car
5295,Car
5296,Car
5297,Car
5298,Car
5299,Car
5300,Car
5301,Car
5302,Car
5303,Car
5304,Car
5305,Car
5306,Car
5307,Car
5308,Car
5309,Car
5310,Car
5311,Car
5312,Car
5313,Car
5314,Car
5315,Car
5316,Car
5317,Car
5318,Car
5319,Car
5320,Car
5321,Car
5322,Car
5323,Car
5324,Car
5325,Car
5326,Car
5327,Car
5328,Car
5329,Car
5330,Car
5331,Car
5332,Car
5333,Car
5334,Car
5335,Car
5336,Car
5337,Car
5338,Car
5339,Car
5340,Car
5341,Car
5342,Car
5343,Car
5344,Car
5345,Car
5346,Car
5347,Car
5348,Car
5349,Car
5350,Car
5351,Car
5352,Car
5353,Car
5354,Car
5355,Car
5356,Car
5357,Car
5358,Car
5359,Car
5360,Car
5361,Car
5362,Car
5363,Car
5364,Car
5365,Car
5366,Car
5367,Car
5368,Car
5369,Car
5370,Car
5371,Car
5372,Car
5373,Car
5374,Car
5375,Car
5376,Car
5377,Car
5378,Car
5379,Car
5380,Car
5381,Car
5382,Car
5383,Car
5384,Car
5385,Car
5386,Car
5387,Car
5388,Car
5389,Car
5390,Car
5391,Car
5392,Car
5393,Car
5394,Car
5395,Car
5396,Car
5397,Car
5398,Car
5399,Car
5400,Car
5401,Car
5402,Car
5403,Car
5404,Car
5405,Car
5406,Car
5407,Car
5408,Car
5409,Car
5410,Car
5411,Car
5412,Car
5413,Car
5414,Car
5415,Car
5416,Car
5417,Car
5418,Car
5419,Car
5420,Car
5421,Car
5422,Car
5423,Car
5424,Car
5425,Car
5426,Car
5427,Car
5428,Car
5429,Car
5430,Car
5431,Car
5432,Car
5433,Car
5434,Car
5435,Car
5436,Car
5437,Car
5438,Car
5439,Car
5440,Car
5441,Car
5442,Car
5443,Car
5444,Car
5445,Car
5446,Car
5447,Car
5448,Car
5449,Car
5450,Car
5451,Car
5452,Car
5453,Car
5454,Car
5455,Car
5456,Car
5457,Car
5458,Car
5459,Car
5460,Car
5461,Car
5462,Car
5463,Car
5464,Car
5465,Car
5466,Car
5467,Car
5468,Car
5469,Car
5470,Car
5471,Car
5472,Car
5473,Car
5474,Car
5475,Car
5476,Car
5477,Car
5478,Car
5479,Car
5480,Car
5481,Car
5482,Car
5483,Car
5484,Car
5485,Car
5486,Car
5487,Car
5488,Car
5489,Car
5490,Car
5491,Car
5492,Car
5493,Car
5494,Car
5495,Car
5496,Car
5497,Car
5498,Car
5499,Car
5500,Car
5501,Car
5502,Car
5503,Car
5504,Car
5505,Car
5506,Car
5507,Car
5508,Car
5509,Car
5510,Car
5511,Car
5512,Car
5513,Car
5514,Car
5515,Car
5516,Car
5517,Car
5518,Car
5519,Car
5520,Car
5521,Car
5522,Car
5523,Car
5524,Car
5525,Car
5526,Car
5527,Car
5528,Car
5529,Car
5530,Car
5531,Car
5532,Car
5533,Car
5534,Car
5535,Car
5536,Car
5537,Car
5538,Car
5539,Car
5540,Car
5541,Car
5542,Car
5543,Car
5544,Car
5545,Car
5546,Car
5547,Car
5548,Car
5549,Car
5550,Car
5551,Car
5552,Car
5553,Car
5554,Car
5555,Car
5556,Car
5557,Car
5558,Car
5559,Car
5560,Car
5561,Car
5562,Car
5563,Car
5564,Car
5565,Car
5566,Car
5567,Car
5568,Car
5569,Car
5570,Car
5571,Car
5572,Car
5573,Car
5574,Car
5575,Car
5576,Car
5577,Car
5578,Car
5579,Car
5580,Car
5581,Car
5582,Car
5583,Car
5584,Car
5585,Car
5586,Car
5587,Car
5588,Car
5589,Car
5590,Car
5591,Car
5592,Car
5593,Car
5594,Car
5595,Car
5596,Car
5597,Car
5598,Car
5599,Car
5600,Car
5601,Car
5602,Car
5603,Car
5604,Car
5605,Car
5606,Car
5607,Car
5608,Car
5609,Car
5610,Car
5611,Car
5612,Car
5613,Car
5614,Car
5615,Car
5616,Car
5617,Car
5618,Car
5619,Car
5620,Car
5621,Car
5622,Car
5623,Car
5624,Car
5625,Car
5626,Car
5627,Car
5628,Car
5629,Car
5630,Car
5631,Car
5632,Car
5633,Car
5634,Car
5635,Car
5636,Car
5637,Car
5638,Car
5639,Car
5640,Car
5641,Car
5642,Car
5643,Car
5644,Car
5645,Car
5646,Car
5647,Car
5648,Car
5649,Car
5650,Car
5651,Car
5652,Car
5653,Car
5654,Car
5655,Car
5656,Car
5657,Car
5658,Car
5659,Car
5660,Car
5661,Car
5662,Car
5663,Car
5664,Car
5665,Car
5666,Car
5667,Car
5668,Car
5669,Car
5670,Car
5671,Car
5672,Car
5673,Car
5674,Car
5675,Car
5676,Car
5677,Car
5678,Car
5679,Car
5680,Car
5681,Car
5682,Car
5683,Car
5684,Car
5685,Car
5686,Car
5687,Car
5688,Car
5689,Car
5690,Car
5691,Car
5692,Car
5693,Car
5694,Car
5695,Car
5696,Car
5697,Car
5698,Car
5699,Car
5700,Car
5701,Car
5702,Car
5703,Car
5704,Car
5705,Car
5706,Car
5707,Car
5708,Car
5709,Car
5710,Car
5711,Car
5712,Car
5713,Car
5714,Car
5715,Car
5716,Car
5717,Car
5718,Car
5719,Car
5720,Car
5721,Car
5722,Car
5723,Car
5724,Car
5725,Car
5726,Car
5727,Car
5728,Car
5729,Car
5730,Car
5731,Car
5732,Car
5733,Car
5734,Car
5735,Car
5736,Car
5737,Car
5738,Car
5739,Car
5740,Car
5741,Car
5742,Car
5743,Car
5744,Car
5745,Car
5746,Car
5747,Car
5748,Car
5749,Car
5750,Car
5751,Car
5752,Car
5753,Car
5754,Car
5755,Car
5756,Car
5757,Car
5758,Car
5759,Car
5760,Car
5761,Car
5762,Car
5763,Car
5764,Car
5765,Car
5766,Car
5767,Car
5768,Car
5769,Car
5770,Car
5771,Car
5772,Car
5773,Car
5774,Car
5775,Car
5776,Car
5777,Car
5778,Car
5779,Car
5780,Car
5781,Car
5782,Car
5783,Car
5784,Car
5785,Car
5786,Car
5787,Car
5788,Car
5789,Car
5790,Car
5791,Car
5792,Car
5793,Car
5794,Car
5795,Car
5796,Car
5797,Car
5798,Car
5799,Car
5800,Car
5801,Car
5802,Car
5803,Car
5804,Car
5805,Car
5806,Car
5807,Car
5808,Car
5809,Car
5810,Car
5811,Car
5812,Car
5813,Car
5814,Car
5815,Car
5816,Car
5817,Car
5818,Car
5819,Car
5820,Car
5821,Car
5822,Car
5823,Car
5824,Car
5825,Car
5826,Car
5827,Car
5828,Car
5829,Car
5830,Car
5831,Car
5832,Car
5833,Car
5834,Car
5835,Car
5836,Car
5837,Car
5838,Car
5839,Car
5840,Car
5841,Car
5842,Car
5843,Car
5844,Car
5845,Car
5846,Car
5847,Car
5848,Car
5849,Car
5850,Car
5851,Car
5852,Car
5853,Car
5854,Car
5855,Car
5856,Car
5857,Car
5858,Car
5859,Car
5860,Car
5861,Car
5862,Car
5863,Car
5864,Car
5865,Car
5866,Car
5867,Car
5868,Car
5869,Car
5870,Car
5871,Car
5872,Car
5873,Car
5874,Car
5875,Car
5876,Car
5877,Car
5878,Car
5879,Car
5880,Car
5881,Car
5882,Car
5883,Car
5884,Car
5885,Car
5886,Car
5887,Car
5888,Car
5889,Car
5890,Car
5891,Car
5892,Car
5893,Car
5894,Car
5895,Car
5896,Car
5897,Car
5898,Car
5899,Car
5900,Car
5901,Car
5902,Car
5903,Car
5904,Car
5905,Car
5906,Car
5907,Car
5908,Car
5909,Car
5910,Car
5911,Car
5912,Car
5913,Car
5914,Car
5915,Car
5916,Car
5917,Car
5918,Car
5919,Car
5920,Car
5921,Car
5922,Car
5923,Car
5924,Car
5925,Car
5926,Car
5927,Car
5928,Car
5929,Car
5930,Car
5931,Car
5932,Car
5933,Car
5934,Car
5935,Car
5936,Car
5937,Car
5938,Car
5939,Car
5940,Car
5941,Car
5942,Car
5943,Car
5944,Car
5945,Car
5946,Car
5947,Car
5948,Car
5949,Car
5950,Car
5951,Car
5952,Car
5953,Car
5954,Car
5955,Car
5956,Car
5957,Car
5958,Car
5959,Car
5960,Car
5961,Car
5962,Car
5963,Car
5964,Car
5965,Car
5966,Car
5967,Car
5968,Car
5969,Car
5970,Car
5971,Car
5972,Car
5973,Car
5974,Car
5975,Car
5976,Car
5977,Car
5978,Car
5979,Car
5980,Car
5981,Car
5982,Car
5983,Car
5984,Car
5985,Car
5986,Car
5987,Car
5988,Car
5989,Car
5990,Car
5991,Car
5992,Car
5993,Car
5994,Car
5995,Car
5996,Car
5997,Car
5998,Car
5999,Car
6000,Car
6001,Car
6002,Car
6003,Car
6004,Car
6005,Car
6006,Car
6007,Car
6008,Car
6009,Car
6010,Car
6011,Car
6012,Car
6013,Car
6014,Car
6015,Car
6016,Car
6017,Car
6018,Car
6019,Car
6020,Car
6021,Car
6022,Car
6023,Car
6024,Car
6025,Car
6026,Car
6027,Car
6028,Car
6029,Car
6030,Car
6031,Car
6032,Car
6033,Car
6034,Car
6035,Car
6036,Car
6037,Car
6038,Car
6039,Car
6040,Car
6041,Car
6042,Car
6043,Car
6044,Car
6045,Car
6046,Car
6047,Car
6048,Car
6049,Car
6050,Car
6051,Car
6052,Car
6053,Car
6054,Car
6055,Car
6056,Car
6057,Car
6058,Car
6059,Car
6060,Car
6061,Car
6062,Car
6063,Car
6064,Car
6065,Car
6066,Car
6067,Car
6068,Car
6069,Car
6070,Car
6071,Car
6072,Car
6073,Car
6074,Car
6075,Car
6076,Car
6077,Car
6078,Car
6079,Car
6080,Car
6081,Car
6082,Car
6083,Car
6084,Car
6085,Car
6086,Car
6087,Car
6088,Car
6089,Car
6090,Car
6091,Car
6092,Car
6093,Car
6094,Car
6095,Car
6096,Car
6097,Car
6098,Car
6099,Car
6100,Car
6101,Car
6102,Car
6103,Car
6104,Car
6105,Car
6106,Car
6107,Car
6108,Car
6109,Car
6110,Car
6111,Car
6112,Car
6113,Car
6114,Car
6115,Car
6116,Car
6117,Car
6118,Car
6119,Car
6120,Car
6121,Car
6122,Car
6123,Car
6124,Car
6125,Car
6126,Car
6127,Car
6128,Car
6129,Car
6130,Car
6131,Car
6132,Car
6133,Car
6134,Car
6135,Car
6136,Car
6137,Car
6138,Car
6139,Car
6140,Car
6141,Car
6142,Car
6143,Car
6144,Car
6145,Car
6146,Car
6147,Car
6148,Car
6149,Car
6150,Car
6151,Car
6152,Car
6153,Car
6154,Car
6155,Car
6156,Car
6157,Car
6158,Car
6159,Car
6160,Car
6161,Car
6162,Car
6163,Car
6164,Car
6165,Car
6166,Car
6167,Car
6168,Car
6169,Car
6170,Car
6171,Car
6172,Car
6173,Car
6174,Car
6175,Car
6176,Car
6177,Car
6178,Car
6179,Car
6180,Car
6181,Car
6182,Car
6183,Car
6184,Car
6185,Car
6186,Car
6187,Car
6188,Car
6189,Car
6190,Car
6191,Car
6192,Car
6193,Car
6194,Car
6195,Car
6196,Car
6197,Car
6198,Car
6199,Car
6200,Car
6201,Car
6202,Car
6203,Car
6204,Car
6205,Car
6206,Car
6207,Car
6208,Car
6209,Car
6210,Car
6211,Car
6212,Car
6213,Car
6214,Car
6215,Car
6216,Car
6217,Car
6218,Car
6219,Car
6220,Car
6221,Car
6222,Car
6223,Car
6224,Car
6225,Car
6226,Car
6227,Car
6228,Car
6229,Car
6230,Car
6231,Car
6232,Car
6233,Car
6234,Car
6235,Car
6236,Car
6237,Car
6238,Car
6239,Car
6240,Car
6241,Car
6242,Car
6243,Car
6244,Car
6245,Car
6246,Car
6247,Car
6248,Car
6249,Car
6250,Car
6251,Car
6252,Car
6253,Car
6254,Car
6255,Car
6256,Car
6257,Car
6258,Car
6259,Car
6260,Car
6261,Car
6262,Car
6263,Car
6264,Car
6265,Car
6266,Car
6267,Car
6268,Car
6269,Car
6270,Car
6271,Car
6272,Car
6273,Car
6274,Car
6275,Car
6276,Car
6277,Car
6278,Car
6279,Car
6280,Car
6281,Car
6282,Car
6283,Car
6284,Car
6285,Car
6286,Car
6287,Car
6288,Car
6289,Car
6290,Car
6291,Car
6292,Car
6293,Car
6294,Car
6295,Car
6296,Car
6297,Car
6298,Car
6299,Car
6300,Car
6301,Car
6302,Car
6303,Car
6304,Car
6305,Car
6306,Car
6307,Car
6308,Car
6309,Car
6310,Car
6311,Car
6312,Car
6313,Car
6314,Car
6315,Car
6316,Car
6317,Car
6318,Car
6319,Car
6320,Car
6321,Car
6322,Car
6323,Car
6324,Car
6325,Car
6326,Car
6327,Car
6328,Car
6329,Car
6330,Car
6331,Car
6332,Car
6333,Car
6334,Car
6335,Car
6336,Car
6337,Car
6338,Car
6339,Car
6340,Car
6341,Car
6342,Car
6343,Car
6344,Car
6345,Car
6346,Car
6347,Car
6348,Car
6349,Car
6350,Car
6351,Car
6352,Car
6353,Car
6354,Car
6355,Car
6356,Car
6357,Car
6358,Car
6359,Car
6360,Car
6361,Car
6362,Car
6363,Car
6364,Car
6365,Car
6366,Car
6367,Car
6368,Car
6369,Car
6370,Car
6371,Car
6372,Car
6373,Car
6374,Car
6375,Car
6376,Car
6377,Car
6378,Car
6379,Car
6380,Car
6381,Car
6382,Car
6383,Car
6384,Car
6385,Car
6386,Car
6387,Car
6388,Car
6389,Car
6390,Car
6391,Car
6392,Car
6393,Car
6394,Car
6395,Car
6396,Car
6397,Car
6398,Car
6399,Car
6400,Car
6401,Car
6402,Car
6403,Car
6404,Car
6405,Car
6406,Car
6407,Car
6408,Car
6409,Car
6410,Car
6411,Car
6412,Car
6413,Car
6414,Car
6415,Car
6416,Car
6417,Car
6418,Car
6419,Car
6420,Car
6421,Car
6422,Car
6423,Car
6424,Car
6425,Car
6426,Car
6427,Car
6428,Car
6429,Car
6430,Car
6431,Car
6432,Car
6433,Car
6434,Car
6435,Car
6436,Car
6437,Car
6438,Car
6439,Car
6440,Car
6441,Car
6442,Car
6443,Car
6444,Car
6445,Car
6446,Car
6447,Car
6448,Car
6449,Car
6450,Car
6451,Car
6452,Car
6453,Car
6454,Car
6455,Car
6456,Car
6457,Car
6458,Car
6459,Car
6460,Car
6461,Car
6462,Car
6463,Car
6464,Car
6465,Car
6466,Car
6467,Car
6468,Car
6469,Car
6470,Car
6471,Car
6472,Car
6473,Car
6474,Car
6475,Car
6476,Car
6477,Car
6478,Car
6479,Car
6480,Car
6481,Car
6482,Car
6483,Car
6484,Car
6485,Car
6486,Car
6487,Car
6488,Car
6489,Car
6490,Car
6491,Car
6492,Car
6493,Car
6494,Car
6495,Car
6496,Car
6497,Car
6498,Car
6499,Car
6500,Car
6501,Car
6502,Car
6503,Car
6504,Car
6505,Car
6506,Car
6507,Car
6508,Car
6509,Car
6510,Car
6511,Car
6512,Car
6513,Car
6514,Car
6515,Car
6516,Car
6517,Car
6518,Car
6519,Car
6520,Car
6521,Car
6522,Car
6523,Car
6524,Car
6525,Car
6526,Car
6527,Car
6528,Car
6529,Car
6530,Car
6531,Car
6532,Car
6533,Car
6534,Car
6535,Car
6536,Car
6537,Car
6538,Car
6539,Car
6540,Car
6541,Car
6542,Car
6543,Car
6544,Car
6545,Car
6546,Car
6547,Car
6548,Car
6549,Car
6550,Car
6551,Car
6552,Car
6553,Car
6554,Car
6555,Car
6556,Car
6557,Car
6558,Car
6559,Car
6560,Car
6561,Car
6562,Car
6563,Car
6564,Car
6565,Car
6566,Car
6567,Car
6568,Car
6569,Car
6570,Car
6571,Car
6572,Car
6573,Car
6574,Car
6575,Car
6576,Car
6577,Car
6578,Car
6579,Car
6580,Car
6581,Car
6582,Car
6583,Car
6584,Car
6585,Car
6586,Car
6587,Car
6588,Car
6589,Car
6590,Car
6591,Car
6592,Car
6593,Car
6594,Car
6595,Car
6596,Car
6597,Car
6598,Car
6599,Car
6600,Car
6601,Car
6602,Car
6603,Car
6604,Car
6605,Car
6606,Car
6607,Car
6608,Car
6609,Car
6610,Car
6611,Car
6612,Car
6613,Car
6614,Car
6615,Car
6616,Car
6617,Car
6618,Car
6619,Car
6620,Car
6621,Car
6622,Car
6623,Car
6624,Car
6625,Car
6626,Car
6627,Car
6628,Car
6629,Car
6630,Car
6631,Car
6632,Car
6633,Car
6634,Car
6635,Car
6636,Car
6637,Car
6638,Car
6639,Car
6640,Car
6641,Car
6642,Car
6643,Car
6644,Car
6645,Car
6646,Car
6647,Car
6648,Car
6649,Car
6650,Car
6651,Car
6652,Car
6653,Car
6654,Car
6655,Car
6656,Car
6657,Car
6658,Car
6659,Car
6660,Car
6661,Car
6662,Car
6663,Car
6664,Car
6665,Car
6666,Car
6667,Car
6668,Car
6669,Car
6670,Car
6671,Car
6672,Car
6673,Car
6674,Car
6675,Car
6676,Car
6677,Car
6678,Car
6679,Car
6680,Car
6681,Car
6682,Car
6683,Car
6684,Car
6685,Car
6686,Car
6687,Car
6688,Car
6689,Car
6690,Car
6691,Car
6692,Car
6693,Car
6694,Car
6695,Car
6696,Car
6697,Car
6698,Car
6699,Car
6700,Car
6701,Car
6702,Car
6703,Car
6704,Car
6705,Car
6706,Car
6707,Car
6708,Car
6709,Car
6710,Car
6711,Car
6712,Car
6713,Car
6714,Car
6715,Car
6716,Car
6717,Car
6718,Car
6719,Car
6720,Car
6721,Car
6722,Car
6723,Car
6724,Car
6725,Car
6726,Car
6727,Car
6728,Car
6729,Car
6730,Car
6731,Car
6732,Car
6733,Car
6734,Car
6735,Car
6736,Car
6737,Car
6738,Car
6739,Car
6740,Car
6741,Car
6742,Car
6743,Car
6744,Car
6745,Car
6746,Car
6747,Car
6748,Car
6749,Car
6750,Car
6751,Car
6752,Car
6753,Car
6754,Car
6755,Car
6756,Car
6757,Car
6758,Car
6759,Car
6760,Car
6761,Car
6762,Car
6763,Car
6764,Car
6765,Car
6766,Car
6767,Car
6768,Car
6769,Car
6770,Car
6771,Car
6772,Car
6773,Car
6774,Car
6775,Car
6776,Car
6777,Car
6778,Car
6779,Car
6780,Car
6781,Car
6782,Car
6783,Car
6784,Car
6785,Car
6786,Car
6787,Car
6788,Car
6789,Car
6790,Car
6791,Car
6792,Car
6793,Car
6794,Car
6795,Car
6796,Car
6797,Car
6798,Car
6799,Car
6800,Car
6801,Car
6802,Car
6803,Car
6804,Car
6805,Car
6806,Car
6807,Car
6808,Car
6809,Car
6810,Car
6811,Car
6812,Car
6813,Car
6814,Car
6815,Car
6816,Car
6817,Car
6818,Car
6819,Car
6820,Car
6821,Car
6822,Car
6823,Car
6824,Car
6825,Car
6826,Car
6827,Car
6828,Car
6829,Car
6830,Car
6831,Car
6832,Car
6833,Car
6834,Car
6835,Car
6836,Car
6837,Car
6838,Car
6839,Car
6840,Car
6841,Car
6842,Car
6843,Car
6844,Car
6845,Car
6846,Car
6847,Car
6848,Car
6849,Car
6850,Car
6851,Car
6852,Car
6853,Car
6854,Car
6855,Car
6856,Car
6857,Car
6858,Car
6859,Car
6860,Car
6861,Car
6862,Car
6863,Car
6864,Car
6865,Car
6866,Car
6867,Car
6868,Car
6869,Car
6870,Car
6871,Car
6872,Car
6873,Car
6874,Car
6875,Car
6876,Car
6877,Car
6878,Car
6879,Car
6880,Car
6881,Car
6882,Car
6883,Car
6884,Car
6885,Car
6886,Car
6887,Car
6888,Car
6889,Car
6890,Car
6891,Car
6892,Car
6893,Car
6894,Car
6895,Car
6896,Car
6897,Car
6898,Car
6899,Car
6900,Car
6901,Car
6902,Car
6903,Car
6904,Car
6905,Car
6906,Car
6907,Car
6908,Car
6909,Car
6910,Car
6911,Car
6912,Car
6913,Car
6914,Car
6915,Car
6916,Car
6917,Car
6918,Car
6919,Car
6920,Car
6921,Car
6922,Car
6923,Car
6924,Car
6925,Car
6926,Car
6927,Car
6928,Car
6929,Car
6930,Car
6931,Car
6932,Car
6933,Car
6934,Car
6935,Car
6936,Car
6937,Car
6938,Car
6939,Car
6940,Car
6941,Car
6942,Car
6943,Car
6944,Car
6945,Car
6946,Car
6947,Car
6948,Car
6949,Car
6950,Car
6951,Car
6952,Car
6953,Car
6954,Car
6955,Car
6956,Car
6957,Car
6958,Car
6959,Car
6960,Car
6961,Car
6962,Car
6963,Car
6964,Car
6965,Car
6966,Car
6967,Car
6968,Car
6969,Car
6970,Car
6971,Car
6972,Car
6973,Car
6974,Car
6975,Car
6976,Car
6977,Car
6978,Car
6979,Car
6980,Car
6981,Car
6982,Car
6983,Car
6984,Car
6985,Car
6986,Car
6987,Car
6988,Car
6989,Car
6990,Car
6991,Car
6992,Car
6993,Car
6994,Car
6995,Car
6996,Car
6997,Car
6998,Car
6999,Car
7000,Car
7001,Car
7002,Car
7003,Car
7004,Car
7005,Car
7006,Car
7007,Car
7008,Car
7009,Car
7010,Car
7011,Car
7012,Car
7013,Car
7014,Car
7015,Car
7016,Car
7017,Car
7018,Car
7019,Car
7020,Car
7021,Car
7022,Car
7023,Car
7024,Car
7025,Car
7026,Car
7027,Car
7028,Car
7029,Car
7030,Car
7031,Car
7032,Car
7033,Car
7034,Car
7035,Car
7036,Car
7037,Car
7038,Car
7039,Car
7040,Car
7041,Car
7042,Car
7043,Car
7044,Car
7045,Car
7046,Car
7047,Car
7048,Car
7049,Car
7050,Car
7051,Car
7052,Car
7053,Car
7054,Car
7055,Car
7056,Car
7057,Car
7058,Car
7059,Car
7060,Car
7061,Car
7062,Car
7063,Car
7064,Car
7065,Car
7066,Car
7067,Car
7068,Car
7069,Car
7070,Car
7071,Car
7072,Car
7073,Car
7074,Car
7075,Car
7076,Car
7077,Car
7078,Car
7079,Car
7080,Car
7081,Car
7082,Car
7083,Car
7084,Car
7085,Car
7086,Car
7087,Car
7088,Car
7089,Car
7090,Car
7091,Car
7092,Car
7093,Car
7094,Car
7095,Car
7096,Car
7097,Car
7098,Car
7099,Car
7100,Car
7101,Car
7102,Car
7103,Car
7104,Car
7105,Car
7106,Car
7107,Car
7108,Car
7109,Car
7110,Car
7111,Car
7112,Car
7113,Car
7114,Car
7115,Car
7116,Car
7117,Car
7118,Car
7119,Car
7120,Car
7121,Car
7122,Car
7123,Car
7124,Car
7125,Car
7126,Car
7127,Car
7128,Car
7129,Car
7130,Car
7131,Car
7132,Car
7133,Car
7134,Car
7135,Car
7136,Car
7137,Car
7138,Car
7139,Car
7140,Car
7141,Car
7142,Car
7143,Car
7144,Car
7145,Car
7146,Car
7147,Car
7148,Car
7149,Car
7150,Car
7151,Car
7152,Car
7153,Car
7154,Car
7155,Car
7156,Car
7157,Car
7158,Car
7159,Car
7160,Car
7161,Car
7162,Car
7163,Car
7164,Car
7165,Car
7166,Car
7167,Car
7168,Car
7169,Car
7170,Car
7171,Car
7172,Car
7173,Car
7174,Car
7175,Car
7176,Car
7177,Car
7178,Car
7179,Car
7180,Car
7181,Car
7182,Car
7183,Car
7184,Car
7185,Car
7186,Car
7187,Car
7188,Car
7189,Car
7190,Car
7191,Car
7192,Car
7193,Car
7194,Car
7195,Car
7196,Car
7197,Car
7198,Car
7199,Car
7200,Car
7201,Car
7202,Car
7203,Car
7204,Car
7205,Car
7206,Car
7207,Car
7208,Car
7209,Car
7210,Car
7211,Car
7212,Car
7213,Car
7214,Car
7215,Car
7216,Car
7217,Car
7218,Car
7219,Car
7220,Car
7221,Car
7222,Car
7223,Car
7224,Car
7225,Car
7226,Car
7227,Car
7228,Car
7229,Car
7230,Car
7231,Car
7232,Car
7233,Car
7234,Car
7235,Car
7236,Car
7237,Car
7238,Car
7239,Car
7240,Car
7241,Car
7242,Car
7243,Car
7244,Car
7245,Car
7246,Car
7247,Car
7248,Car
7249,Car
7250,Car
7251,Car
7252,Car
7253,Car
7254,Car
7255,Car
7256,Car
7257,Car
7258,Car
7259,Car
7260,Car
7261,Car
7262,Car
7263,Car
7264,Car
7265,Car
7266,Car
7267,Car
7268,Car
7269,Car
7270,Car
7271,Car
7272,Car
7273,Car
7274,Car
7275,Car
7276,Car
7277,Car
7278,Car
7279,Car
7280,Car
7281,Car
7282,Car
7283,Car
7284,Car
7285,Car
7286,Car
7287,Car
7288,Car
7289,Car
7290,Car
7291,Car
7292,Car
7293,Car
7294,Car
7295,Car
7296,Car
7297,Car
7298,Car
7299,Car
7300,Car
7301,Car
7302,Car
7303,Car
7304,Car
7305,Car
7306,Car
7307,Car
7308,Car
7309,Car
7310,Car
7311,Car
7312,Car
7313,Car
7314,Car
7315,Car
7316,Car
7317,Car
7318,Car
7319,Car
7320,Car
7321,Car
7322,Car
7323,Car
7324,Car
7325,Car
7326,Car
7327,Car
7328,Car
7329,Car
7330,Car
7331,Car
7332,Car
7333,Car
7334,Car
7335,Car
7336,Car
7337,Car
7338,Car
7339,Car
7340,Car
7341,Car
7342,Car
7343,Car
7344,Car
7345,Car
7346,Car
7347,Car
7348,Car
7349,Car
7350,Car
7351,Car
7352,Car
7353,Car
7354,Car
7355,Car
7356,Car
7357,Car
7358,Car
7359,Car
7360,Car
7361,Car
7362,Car
7363,Car
7364,Car
7365,Car
7366,Car
7367,Car
7368,Car
7369,Car
7370,Car
7371,Car
7372,Car
7373,Car
7374,Car
7375,Car
7376,Car
7377,Car
7378,Car
7379,Car
7380,Car
7381,Car
7382,Car
7383,Car
7384,Car
7385,Car
7386,Car
7387,Car
7388,Car
7389,Car
7390,Car
7391,Car
7392,Car
7393,Car
7394,Car
7395,Car
7396,Car
7397,Car
7398,Car
7399,Car
7400,Car
7401,Car
7402,Car
7403,Car
7404,Car
7405,Car
7406,Car
7407,Car
7408,Car
7409,Car
7410,Car
7411,Car
7412,Car
7413,Car
7414,Car
7415,Car
7416,Car
7417,Car
7418,Car
7419,Car
7420,Car
7421,Car
7422,Car
7423,Car
7424,Car
7425,Car
7426,Car
7427,Car
7428,Car
7429,Car
7430,Car
7431,Car
7432,Car
7433,Car
7434,Car
7435,Car
7436,Car
7437,Car
7438,Car
7439,Car
7440,Car
7441,Car
7442,Car
7443,Car
7444,Car
7445,Car
7446,Car
7447,Car
7448,Car
7449,Car
7450,Car
7451,Car
7452,Car
7453,Car
7454,Car
7455,Car
7456,Car
7457,Car
7458,Car
7459,Car
7460,Car
7461,Car
7462,Car
7463,Car
7464,Car
7465,Car
7466,Car
7467,Car
7468,Car
7469,Car
7470,Car
7471,Car
7472,Car
7473,Car
7474,Car
7475,Car
7476,Car
7477,Car
7478,Car
7479,Car
7480,Car
7481,Car
7482,Car
7483,Car
7484,Car
7485,Car
7486,Car
7487,Car
7488,Car
7489,Car
7490,Car
7491,Car
7492,Car
7493,Car
7494,Car
7495,Car
7496,Car
7497,Car
7498,Car
7499,Car
7500,Car
7501,Car
7502,Car
7503,Car
7504,Car
7505,Car
7506,Car
7507,Car
7508,Car
7509,Car
7510,Car
7511,Car
7512,Car
7513,Car
7514,Car
7515,Car
7516,Car
7517,Car
7518,Car
7519,Car
7520,Car
7521,Car
7522,Car
7523,Car
7524,Car
7525,Car
7526,Car
7527,Car
7528,Car
7529,Car
7530,Car
7531,Car
7532,Car
7533,Car
7534,Car
7535,Car
7536,Car
7537,Car
7538,Car
7539,Car
7540,Car
7541,Car
7542,Car
7543,Car
7544,Car
7545,Car
7546,Car
7547,Car
7548,Car
7549,Car
7550,Car
7551,Car
7552,Car
7553,Car
7554,Car
7555,Car
7556,Car
7557,Car
7558,Car
7559,Car
7560,Car
7561,Car
7562,Car
7563,Car
7564,Car
7565,Car
7566,Car
7567,Car
7568,Car
7569,Car
7570,Car
7571,Car
7572,Car
7573,Car
7574,Car
7575,Car
7576,Car
7577,Car
7578,Car
7579,Car
7580,Car
7581,Car
7582,Car
7583,Car
7584,Car
7585,Car
7586,Car
7587,Car
7588,Car
7589,Car
7590,Car
7591,Car
7592,Car
7593,Car
7594,Car
7595,Car
7596,Car
7597,Car
7598,Car
7599,Car
7600,Car
7601,Car
7602,Car
7603,Car
7604,Car
7605,Car
7606,Car
7607,Car
7608,Car
7609,Car
7610,Car
7611,Car
7612,Car
7613,Car
7614,Car
7615,Car
7616,Car
7617,Car
7618,Car
7619,Car
7620,Car
7621,Car
7622,Car
7623,Car
7624,Car
7625,Car
7626,Car
7627,Car
7628,Car
7629,Car
7630,Car
7631,Car
7632,Car
7633,Car
7634,Car
7635,Car
7636,Car
7637,Car
7638,Car
7639,Car
7640,Car
7641,Car
7642,Car
7643,Car
7644,Car
7645,Car
7646,Car
7647,Car
7648,Car
7649,Car
7650,Car
7651,Car
7652,Car
7653,Car
7654,Car
7655,Car
7656,Car
7657,Car
7658,Car
7659,Car
7660,Car
7661,Car
7662,Car
7663,Car
7664,Car
7665,Car
7666,Car
7667,Car
7668,Car
7669,Car
7670,Car
7671,Car
7672,Car
7673,Car
7674,Car
7675,Car
7676,Car
7677,Car
7678,Car
7679,Car
7680,Car
7681,Car
7682,Car
7683,Car
7684,Car
7685,Car
7686,Car
7687,Car
7688,Car
7689,Car
7690,Car
7691,Car
7692,Car
7693,Car
7694,Car
7695,Car
7696,Car
7697,Car
7698,Car
7699,Car
7700,Car
7701,Car
7702,Car
7703,Car
7704,Car
7705,Car
7706,Car
7707,Car
7708,Car
7709,Car
7710,Car
7711,Car
7712,Car
7713,Car
7714,Car
7715,Car
7716,Car
7717,Car
7718,Car
7719,Car
7720,Car
7721,Car
7722,Car
7723,Car
7724,Car
7725,Car
7726,Car
7727,Car
7728,Car
7729,Car
7730,Car
7731,Car
7732,Car
7733,Car
7734,Car
7735,Car
7736,Car
7737,Car
7738,Car
7739,Car
7740,Car
7741,Car
7742,Car
7743,Car
7744,Car
7745,Car
7746,Car
7747,Car
7748,Car
7749,Car
7750,Car
7751,Car
7752,Car
7753,Car
7754,Car
7755,Car
7756,Car
7757,Car
7758,Car
7759,Car
7760,Car
7761,Car
7762,Car
7763,Car
7764,Car
7765,Car
7766,Car
7767,Car
7768,Car
7769,Car
7770,Car
7771,Car
7772,Car
7773,Car
7774,Car
7775,Car
7776,Car
7777,Car
7778,Car
7779,Car
7780,Car
7781,Car
7782,Car
7783,Car
7784,Car
7785,Car
7786,Car
7787,Car
7788,Car
7789,Car
7790,Car
7791,Car
7792,Car
7793,Car
7794,Car
7795,Car
7796,Car
7797,Car
7798,Car
7799,Car
7800,Car
7801,Car
7802,Car
7803,Car
7804,Car
7805,Car
7806,Car
7807,Car
7808,Car
7809,Car
7810,Car
7811,Car
7812,Car
7813,Car
7814,Car
7815,Car
7816,Car
7817,Car
7818,Car
7819,Car
7820,Car
7821,Car
7822,Car
7823,Car
7824,Car
7825,Car
7826,Car
7827,Car
7828,Car
7829,Car
7830,Car
7831,Car
7832,Car
7833,Car
7834,Car
7835,Car
7836,Car
7837,Car
7838,Car
7839,Car
7840,Car
7841,Car
7842,Car
7843,Car
7844,Car
7845,Car
7846,Car
7847,Car
7848,Car
7849,Car
7850,Car
7851,Car
7852,Car
7853,Car
7854,Car
7855,Car
7856,Car
7857,Car
7858,Car
7859,Car
7860,Car
7861,Car
7862,Car
7863,Car
7864,Car
7865,Car
7866,Car
7867,Car
7868,Car
7869,Car
7870,Car
7871,Car
7872,Car
7873,Car
7874,Car
7875,Car
7876,Car
7877,Car
7878,Car
7879,Car
7880,Car
7881,Car
7882,Car
7883,Car
7884,Car
7885,Car
7886,Car
7887,Car
7888,Car
7889,Car
7890,Car
7891,Car
7892,Car
7893,Car
7894,Car
7895,Car
7896,Car
7897,Car
7898,Car
7899,Car
7900,Car
7901,Car
7902,Car
7903,Car
7904,Car
7905,Car
7906,Car
7907,Car
7908,Car
7909,Car
7910,Car
7911,Car
7912,Car
7913,Car
7914,Car
7915,Car
7916,Car
7917,Car
7918,Car
7919,Car
7920,Car
7921,Car
7922,Car
7923,Car
7924,Car
7925,Car
7926,Car
7927,Car
7928,Car
7929,Car
7930,Car
7931,Car
7932,Car
7933,Car
7934,Car
7935,Car
7936,Car
7937,Car
7938,Car
7939,Car
7940,Car
7941,Car
7942,Car
7943,Car
7944,Car
7945,Car
7946,Car
7947,Car
7948,Car
7949,Car
7950,Car
7951,Car
7952,Car
7953,Car
7954,Car
7955,Car
7956,Car
7957,Car
